architecture,uncertainty_level,selection_rule,threshold,coverage,risk_regret,conditional_ece
A1,all,non_abort_only,0.0,0.744,0.1869706464468092,0.3768695258872092
A1,all,confidence_and_non_abort,0.0,0.744,0.1869706464468092,0.3768695258872092
A1,all,confidence_and_non_abort,0.049999999999999996,0.744,0.1869706464468092,0.3768695258872092
A1,all,confidence_and_non_abort,0.09999999999999999,0.744,0.1869706464468092,0.3768695258872092
A1,all,confidence_and_non_abort,0.15,0.744,0.1869706464468092,0.3768695258872092
A1,all,confidence_and_non_abort,0.19999999999999998,0.744,0.1869706464468092,0.3768695258872092
A1,all,confidence_and_non_abort,0.24999999999999997,0.744,0.1869706464468092,0.3768695258872092
A1,all,confidence_and_non_abort,0.3,0.744,0.1869706464468092,0.3768695258872092
A1,all,confidence_and_non_abort,0.35,0.744,0.1869706464468092,0.3768695258872092
A1,all,confidence_and_non_abort,0.39999999999999997,0.744,0.1869706464468092,0.3768695258872092
A1,all,confidence_and_non_abort,0.44999999999999996,0.744,0.1869706464468092,0.3768695258872092
A1,all,confidence_and_non_abort,0.49999999999999994,0.744,0.1869706464468092,0.3768695258872092
A1,all,confidence_and_non_abort,0.5499999999999999,0.744,0.1869706464468092,0.3768695258872092
A1,all,confidence_and_non_abort,0.6,0.641,0.17314674623190007,0.35829947634074244
A1,all,confidence_and_non_abort,0.6499999999999999,0.439,0.14103611001215274,0.30300672998498834
A1,all,confidence_and_non_abort,0.7,0.262,0.11627135468180308,0.2524485767753434
A1,all,confidence_and_non_abort,0.7499999999999999,0.122,0.09484688143247091,0.21598318074625672
A1,all,confidence_and_non_abort,0.7999999999999999,0.03,0.06700743243095557,0.18509686720019664
A1,all,confidence_and_non_abort,0.85,0.0,,
A1,all,confidence_and_non_abort,0.8999999999999999,0.0,,
A1,all,confidence_and_non_abort,0.95,0.0,,
A10,all,non_abort_only,0.0,0.738,0.18220634660080112,0.35993904017076644
A10,all,confidence_and_non_abort,0.0,0.738,0.18220634660080112,0.35993904017076644
A10,all,confidence_and_non_abort,0.049999999999999996,0.738,0.18220634660080112,0.35993904017076644
A10,all,confidence_and_non_abort,0.09999999999999999,0.738,0.18220634660080112,0.35993904017076644
A10,all,confidence_and_non_abort,0.15,0.738,0.18220634660080112,0.35993904017076644
A10,all,confidence_and_non_abort,0.19999999999999998,0.738,0.18220634660080112,0.35993904017076644
A10,all,confidence_and_non_abort,0.24999999999999997,0.738,0.18220634660080112,0.35993904017076644
A10,all,confidence_and_non_abort,0.3,0.738,0.18220634660080112,0.35993904017076644
A10,all,confidence_and_non_abort,0.35,0.738,0.18220634660080112,0.35993904017076644
A10,all,confidence_and_non_abort,0.39999999999999997,0.738,0.18220634660080112,0.35993904017076644
A10,all,confidence_and_non_abort,0.44999999999999996,0.738,0.18220634660080112,0.35993904017076644
A10,all,confidence_and_non_abort,0.49999999999999994,0.738,0.18220634660080112,0.35993904017076644
A10,all,confidence_and_non_abort,0.5499999999999999,0.731,0.18129538661147634,0.35847850648656937
A10,all,confidence_and_non_abort,0.6,0.604,0.1650543671820288,0.3313475165730212
A10,all,confidence_and_non_abort,0.6499999999999999,0.404,0.14706269085998164,0.2879183265519219
A10,all,confidence_and_non_abort,0.7,0.23,0.1459804717776624,0.254468141911251
A10,all,confidence_and_non_abort,0.7499999999999999,0.097,0.14894250807434448,0.22274469723864812
A10,all,confidence_and_non_abort,0.7999999999999999,0.018,0.11710767674663027,0.19055674970993677
A10,all,confidence_and_non_abort,0.85,0.0,,
A10,all,confidence_and_non_abort,0.8999999999999999,0.0,,
A10,all,confidence_and_non_abort,0.95,0.0,,
A11,all,non_abort_only,0.0,0.73,0.18139455358983794,0.35645216693521664
A11,all,confidence_and_non_abort,0.0,0.73,0.18139455358983794,0.35645216693521664
A11,all,confidence_and_non_abort,0.049999999999999996,0.73,0.18139455358983794,0.35645216693521664
A11,all,confidence_and_non_abort,0.09999999999999999,0.73,0.18139455358983794,0.35645216693521664
A11,all,confidence_and_non_abort,0.15,0.73,0.18139455358983794,0.35645216693521664
A11,all,confidence_and_non_abort,0.19999999999999998,0.73,0.18139455358983794,0.35645216693521664
A11,all,confidence_and_non_abort,0.24999999999999997,0.73,0.18139455358983794,0.35645216693521664
A11,all,confidence_and_non_abort,0.3,0.73,0.18139455358983794,0.35645216693521664
A11,all,confidence_and_non_abort,0.35,0.73,0.18139455358983794,0.35645216693521664
A11,all,confidence_and_non_abort,0.39999999999999997,0.73,0.18139455358983794,0.35645216693521664
A11,all,confidence_and_non_abort,0.44999999999999996,0.73,0.18139455358983794,0.35645216693521664
A11,all,confidence_and_non_abort,0.49999999999999994,0.73,0.18139455358983794,0.35645216693521664
A11,all,confidence_and_non_abort,0.5499999999999999,0.724,0.180461756094124,0.35521887438328065
A11,all,confidence_and_non_abort,0.6,0.597,0.16443992716277975,0.3273920137527625
A11,all,confidence_and_non_abort,0.6499999999999999,0.403,0.15076153353656704,0.28880244887645856
A11,all,confidence_and_non_abort,0.7,0.225,0.14886752038136977,0.2556053690829691
A11,all,confidence_and_non_abort,0.7499999999999999,0.09,0.152249094269595,0.222700689784682
A11,all,confidence_and_non_abort,0.7999999999999999,0.009,0.1837968160557577,0.18933345077552707
A11,all,confidence_and_non_abort,0.85,0.0,,
A11,all,confidence_and_non_abort,0.8999999999999999,0.0,,
A11,all,confidence_and_non_abort,0.95,0.0,,
A2,all,non_abort_only,0.0,0.74,0.18470062627064782,0.3731808823122527
A2,all,confidence_and_non_abort,0.0,0.74,0.18470062627064782,0.3731808823122527
A2,all,confidence_and_non_abort,0.049999999999999996,0.74,0.18470062627064782,0.3731808823122527
A2,all,confidence_and_non_abort,0.09999999999999999,0.74,0.18470062627064782,0.3731808823122527
A2,all,confidence_and_non_abort,0.15,0.74,0.18470062627064782,0.3731808823122527
A2,all,confidence_and_non_abort,0.19999999999999998,0.74,0.18470062627064782,0.3731808823122527
A2,all,confidence_and_non_abort,0.24999999999999997,0.74,0.18470062627064782,0.3731808823122527
A2,all,confidence_and_non_abort,0.3,0.74,0.18470062627064782,0.3731808823122527
A2,all,confidence_and_non_abort,0.35,0.74,0.18470062627064782,0.3731808823122527
A2,all,confidence_and_non_abort,0.39999999999999997,0.74,0.18470062627064782,0.3731808823122527
A2,all,confidence_and_non_abort,0.44999999999999996,0.74,0.18470062627064782,0.3731808823122527
A2,all,confidence_and_non_abort,0.49999999999999994,0.74,0.18470062627064782,0.3731808823122527
A2,all,confidence_and_non_abort,0.5499999999999999,0.738,0.18445885287169556,0.37283308480610167
A2,all,confidence_and_non_abort,0.6,0.635,0.17070527763115217,0.3527088504092308
A2,all,confidence_and_non_abort,0.6499999999999999,0.434,0.13638634788398898,0.2944589100925688
A2,all,confidence_and_non_abort,0.7,0.264,0.11875033366276748,0.25204928105068175
A2,all,confidence_and_non_abort,0.7499999999999999,0.106,0.10118648101662564,0.2174745283919372
A2,all,confidence_and_non_abort,0.7999999999999999,0.029,0.06374674548438529,0.18289483947812968
A2,all,confidence_and_non_abort,0.85,0.0,,
A2,all,confidence_and_non_abort,0.8999999999999999,0.0,,
A2,all,confidence_and_non_abort,0.95,0.0,,
A3,all,non_abort_only,0.0,0.747,0.1839163301712723,0.3738151642430025
A3,all,confidence_and_non_abort,0.0,0.747,0.1839163301712723,0.3738151642430025
A3,all,confidence_and_non_abort,0.049999999999999996,0.747,0.1839163301712723,0.3738151642430025
A3,all,confidence_and_non_abort,0.09999999999999999,0.747,0.1839163301712723,0.3738151642430025
A3,all,confidence_and_non_abort,0.15,0.747,0.1839163301712723,0.3738151642430025
A3,all,confidence_and_non_abort,0.19999999999999998,0.747,0.1839163301712723,0.3738151642430025
A3,all,confidence_and_non_abort,0.24999999999999997,0.747,0.1839163301712723,0.3738151642430025
A3,all,confidence_and_non_abort,0.3,0.747,0.1839163301712723,0.3738151642430025
A3,all,confidence_and_non_abort,0.35,0.747,0.1839163301712723,0.3738151642430025
A3,all,confidence_and_non_abort,0.39999999999999997,0.747,0.1839163301712723,0.3738151642430025
A3,all,confidence_and_non_abort,0.44999999999999996,0.747,0.1839163301712723,0.3738151642430025
A3,all,confidence_and_non_abort,0.49999999999999994,0.747,0.1839163301712723,0.3738151642430025
A3,all,confidence_and_non_abort,0.5499999999999999,0.747,0.1839163301712723,0.3738151642430025
A3,all,confidence_and_non_abort,0.6,0.656,0.17245522928252272,0.35686510938348726
A3,all,confidence_and_non_abort,0.6499999999999999,0.43,0.13572637732268877,0.2922370261124047
A3,all,confidence_and_non_abort,0.7,0.257,0.11948722275417195,0.25283174322472646
A3,all,confidence_and_non_abort,0.7499999999999999,0.106,0.10399855263139612,0.21808788408725813
A3,all,confidence_and_non_abort,0.7999999999999999,0.027,0.07084020530547791,0.18376449252600044
A3,all,confidence_and_non_abort,0.85,0.0,,
A3,all,confidence_and_non_abort,0.8999999999999999,0.0,,
A3,all,confidence_and_non_abort,0.95,0.0,,
A4,all,non_abort_only,0.0,0.745,0.18487193042862032,0.3705972713396726
A4,all,confidence_and_non_abort,0.0,0.745,0.18487193042862032,0.3705972713396726
A4,all,confidence_and_non_abort,0.049999999999999996,0.745,0.18487193042862032,0.3705972713396726
A4,all,confidence_and_non_abort,0.09999999999999999,0.745,0.18487193042862032,0.3705972713396726
A4,all,confidence_and_non_abort,0.15,0.745,0.18487193042862032,0.3705972713396726
A4,all,confidence_and_non_abort,0.19999999999999998,0.745,0.18487193042862032,0.3705972713396726
A4,all,confidence_and_non_abort,0.24999999999999997,0.745,0.18487193042862032,0.3705972713396726
A4,all,confidence_and_non_abort,0.3,0.745,0.18487193042862032,0.3705972713396726
A4,all,confidence_and_non_abort,0.35,0.745,0.18487193042862032,0.3705972713396726
A4,all,confidence_and_non_abort,0.39999999999999997,0.745,0.18487193042862032,0.3705972713396726
A4,all,confidence_and_non_abort,0.44999999999999996,0.745,0.18487193042862032,0.3705972713396726
A4,all,confidence_and_non_abort,0.49999999999999994,0.745,0.18487193042862032,0.3705972713396726
A4,all,confidence_and_non_abort,0.5499999999999999,0.745,0.18487193042862032,0.3705972713396726
A4,all,confidence_and_non_abort,0.6,0.636,0.17094412936665768,0.35098502892216277
A4,all,confidence_and_non_abort,0.6499999999999999,0.413,0.13904343918222392,0.29081815593401905
A4,all,confidence_and_non_abort,0.7,0.258,0.12546019759767982,0.25399744787400885
A4,all,confidence_and_non_abort,0.7499999999999999,0.102,0.108278184590332,0.21882728746876678
A4,all,confidence_and_non_abort,0.7999999999999999,0.022,0.07039328053310027,0.18289975435508998
A4,all,confidence_and_non_abort,0.85,0.0,,
A4,all,confidence_and_non_abort,0.8999999999999999,0.0,,
A4,all,confidence_and_non_abort,0.95,0.0,,
A5,all,non_abort_only,0.0,0.743,0.18212360666935273,0.367019930420297
A5,all,confidence_and_non_abort,0.0,0.743,0.18212360666935273,0.367019930420297
A5,all,confidence_and_non_abort,0.049999999999999996,0.743,0.18212360666935273,0.367019930420297
A5,all,confidence_and_non_abort,0.09999999999999999,0.743,0.18212360666935273,0.367019930420297
A5,all,confidence_and_non_abort,0.15,0.743,0.18212360666935273,0.367019930420297
A5,all,confidence_and_non_abort,0.19999999999999998,0.743,0.18212360666935273,0.367019930420297
A5,all,confidence_and_non_abort,0.24999999999999997,0.743,0.18212360666935273,0.367019930420297
A5,all,confidence_and_non_abort,0.3,0.743,0.18212360666935273,0.367019930420297
A5,all,confidence_and_non_abort,0.35,0.743,0.18212360666935273,0.367019930420297
A5,all,confidence_and_non_abort,0.39999999999999997,0.743,0.18212360666935273,0.367019930420297
A5,all,confidence_and_non_abort,0.44999999999999996,0.743,0.18212360666935273,0.367019930420297
A5,all,confidence_and_non_abort,0.49999999999999994,0.743,0.18212360666935273,0.367019930420297
A5,all,confidence_and_non_abort,0.5499999999999999,0.741,0.1818821602041115,0.3666446051635508
A5,all,confidence_and_non_abort,0.6,0.626,0.16704588034832213,0.34338648019835766
A5,all,confidence_and_non_abort,0.6499999999999999,0.406,0.13784346650417567,0.28791101679784903
A5,all,confidence_and_non_abort,0.7,0.248,0.1276620535580198,0.2534847131660077
A5,all,confidence_and_non_abort,0.7499999999999999,0.106,0.11380733336734687,0.22275047159020905
A5,all,confidence_and_non_abort,0.7999999999999999,0.018,0.07461825586630971,0.18978785502574375
A5,all,confidence_and_non_abort,0.85,0.0,,
A5,all,confidence_and_non_abort,0.8999999999999999,0.0,,
A5,all,confidence_and_non_abort,0.95,0.0,,
A6,all,non_abort_only,0.0,0.744,0.18078693659990283,0.3659071635115429
A6,all,confidence_and_non_abort,0.0,0.744,0.18078693659990283,0.3659071635115429
A6,all,confidence_and_non_abort,0.049999999999999996,0.744,0.18078693659990283,0.3659071635115429
A6,all,confidence_and_non_abort,0.09999999999999999,0.744,0.18078693659990283,0.3659071635115429
A6,all,confidence_and_non_abort,0.15,0.744,0.18078693659990283,0.3659071635115429
A6,all,confidence_and_non_abort,0.19999999999999998,0.744,0.18078693659990283,0.3659071635115429
A6,all,confidence_and_non_abort,0.24999999999999997,0.744,0.18078693659990283,0.3659071635115429
A6,all,confidence_and_non_abort,0.3,0.744,0.18078693659990283,0.3659071635115429
A6,all,confidence_and_non_abort,0.35,0.744,0.18078693659990283,0.3659071635115429
A6,all,confidence_and_non_abort,0.39999999999999997,0.744,0.18078693659990283,0.3659071635115429
A6,all,confidence_and_non_abort,0.44999999999999996,0.744,0.18078693659990283,0.3659071635115429
A6,all,confidence_and_non_abort,0.49999999999999994,0.744,0.18078693659990283,0.3659071635115429
A6,all,confidence_and_non_abort,0.5499999999999999,0.743,0.18070257367954204,0.3657661135710152
A6,all,confidence_and_non_abort,0.6,0.631,0.166457983343526,0.34511324518320985
A6,all,confidence_and_non_abort,0.6499999999999999,0.418,0.1420908207252372,0.292819497742643
A6,all,confidence_and_non_abort,0.7,0.237,0.13115756642906246,0.2548771547408795
A6,all,confidence_and_non_abort,0.7499999999999999,0.099,0.11375267098053322,0.22154435872357645
A6,all,confidence_and_non_abort,0.7999999999999999,0.018,0.0815273495765051,0.18736960483707046
A6,all,confidence_and_non_abort,0.85,0.0,,
A6,all,confidence_and_non_abort,0.8999999999999999,0.0,,
A6,all,confidence_and_non_abort,0.95,0.0,,
A7,all,non_abort_only,0.0,0.725,0.17921836854266696,0.3606195612777442
A7,all,confidence_and_non_abort,0.0,0.725,0.17921836854266696,0.3606195612777442
A7,all,confidence_and_non_abort,0.049999999999999996,0.725,0.17921836854266696,0.3606195612777442
A7,all,confidence_and_non_abort,0.09999999999999999,0.725,0.17921836854266696,0.3606195612777442
A7,all,confidence_and_non_abort,0.15,0.725,0.17921836854266696,0.3606195612777442
A7,all,confidence_and_non_abort,0.19999999999999998,0.725,0.17921836854266696,0.3606195612777442
A7,all,confidence_and_non_abort,0.24999999999999997,0.725,0.17921836854266696,0.3606195612777442
A7,all,confidence_and_non_abort,0.3,0.725,0.17921836854266696,0.3606195612777442
A7,all,confidence_and_non_abort,0.35,0.725,0.17921836854266696,0.3606195612777442
A7,all,confidence_and_non_abort,0.39999999999999997,0.725,0.17921836854266696,0.3606195612777442
A7,all,confidence_and_non_abort,0.44999999999999996,0.725,0.17921836854266696,0.3606195612777442
A7,all,confidence_and_non_abort,0.49999999999999994,0.725,0.17921836854266696,0.3606195612777442
A7,all,confidence_and_non_abort,0.5499999999999999,0.721,0.1785471642221439,0.3599483621292645
A7,all,confidence_and_non_abort,0.6,0.604,0.16306131163784499,0.3346008185153093
A7,all,confidence_and_non_abort,0.6499999999999999,0.408,0.14043462345328658,0.2851753828835836
A7,all,confidence_and_non_abort,0.7,0.241,0.1339123635909711,0.25254293321497995
A7,all,confidence_and_non_abort,0.7499999999999999,0.109,0.12870771215263,0.2231705923598204
A7,all,confidence_and_non_abort,0.7999999999999999,0.016,0.08420809897911533,0.18783007550144304
A7,all,confidence_and_non_abort,0.85,0.0,,
A7,all,confidence_and_non_abort,0.8999999999999999,0.0,,
A7,all,confidence_and_non_abort,0.95,0.0,,
A8,all,non_abort_only,0.0,0.737,0.18403390304736902,0.3631722355113326
A8,all,confidence_and_non_abort,0.0,0.737,0.18403390304736902,0.3631722355113326
A8,all,confidence_and_non_abort,0.049999999999999996,0.737,0.18403390304736902,0.3631722355113326
A8,all,confidence_and_non_abort,0.09999999999999999,0.737,0.18403390304736902,0.3631722355113326
A8,all,confidence_and_non_abort,0.15,0.737,0.18403390304736902,0.3631722355113326
A8,all,confidence_and_non_abort,0.19999999999999998,0.737,0.18403390304736902,0.3631722355113326
A8,all,confidence_and_non_abort,0.24999999999999997,0.737,0.18403390304736902,0.3631722355113326
A8,all,confidence_and_non_abort,0.3,0.737,0.18403390304736902,0.3631722355113326
A8,all,confidence_and_non_abort,0.35,0.737,0.18403390304736902,0.3631722355113326
A8,all,confidence_and_non_abort,0.39999999999999997,0.737,0.18403390304736902,0.3631722355113326
A8,all,confidence_and_non_abort,0.44999999999999996,0.737,0.18403390304736902,0.3631722355113326
A8,all,confidence_and_non_abort,0.49999999999999994,0.737,0.18403390304736902,0.3631722355113326
A8,all,confidence_and_non_abort,0.5499999999999999,0.733,0.18382298275247902,0.36268361727147386
A8,all,confidence_and_non_abort,0.6,0.596,0.1657725298600416,0.33160414132890936
A8,all,confidence_and_non_abort,0.6499999999999999,0.416,0.14776043461079855,0.2900948585842921
A8,all,confidence_and_non_abort,0.7,0.246,0.14055012469633343,0.2561522016375794
A8,all,confidence_and_non_abort,0.7499999999999999,0.089,0.1286818803207853,0.22198873631022895
A8,all,confidence_and_non_abort,0.7999999999999999,0.017,0.10672008566696613,0.19209799578279824
A8,all,confidence_and_non_abort,0.85,0.0,,
A8,all,confidence_and_non_abort,0.8999999999999999,0.0,,
A8,all,confidence_and_non_abort,0.95,0.0,,
A9,all,non_abort_only,0.0,0.723,0.17846106024348266,0.3566695754870223
A9,all,confidence_and_non_abort,0.0,0.723,0.17846106024348266,0.3566695754870223
A9,all,confidence_and_non_abort,0.049999999999999996,0.723,0.17846106024348266,0.3566695754870223
A9,all,confidence_and_non_abort,0.09999999999999999,0.723,0.17846106024348266,0.3566695754870223
A9,all,confidence_and_non_abort,0.15,0.723,0.17846106024348266,0.3566695754870223
A9,all,confidence_and_non_abort,0.19999999999999998,0.723,0.17846106024348266,0.3566695754870223
A9,all,confidence_and_non_abort,0.24999999999999997,0.723,0.17846106024348266,0.3566695754870223
A9,all,confidence_and_non_abort,0.3,0.723,0.17846106024348266,0.3566695754870223
A9,all,confidence_and_non_abort,0.35,0.723,0.17846106024348266,0.3566695754870223
A9,all,confidence_and_non_abort,0.39999999999999997,0.723,0.17846106024348266,0.3566695754870223
A9,all,confidence_and_non_abort,0.44999999999999996,0.723,0.17846106024348266,0.3566695754870223
A9,all,confidence_and_non_abort,0.49999999999999994,0.723,0.17846106024348266,0.3566695754870223
A9,all,confidence_and_non_abort,0.5499999999999999,0.717,0.17769642093039792,0.3554304854520712
A9,all,confidence_and_non_abort,0.6,0.598,0.16248298413071313,0.32955272966978505
A9,all,confidence_and_non_abort,0.6499999999999999,0.4,0.14346299101326782,0.28471277956827323
A9,all,confidence_and_non_abort,0.7,0.235,0.14155485108430566,0.2544498644015299
A9,all,confidence_and_non_abort,0.7499999999999999,0.1,0.13716581375900488,0.22380205350871651
A9,all,confidence_and_non_abort,0.7999999999999999,0.013,0.10294452745339852,0.18512096038580036
A9,all,confidence_and_non_abort,0.85,0.0,,
A9,all,confidence_and_non_abort,0.8999999999999999,0.0,,
A9,all,confidence_and_non_abort,0.95,0.0,,
Debate,all,non_abort_only,0.0,0.72,0.17949938644626556,0.36324498115188436
Debate,all,confidence_and_non_abort,0.0,0.72,0.17949938644626556,0.36324498115188436
Debate,all,confidence_and_non_abort,0.049999999999999996,0.72,0.17949938644626556,0.36324498115188436
Debate,all,confidence_and_non_abort,0.09999999999999999,0.72,0.17949938644626556,0.36324498115188436
Debate,all,confidence_and_non_abort,0.15,0.72,0.17949938644626556,0.36324498115188436
Debate,all,confidence_and_non_abort,0.19999999999999998,0.72,0.17949938644626556,0.36324498115188436
Debate,all,confidence_and_non_abort,0.24999999999999997,0.72,0.17949938644626556,0.36324498115188436
Debate,all,confidence_and_non_abort,0.3,0.72,0.17949938644626556,0.36324498115188436
Debate,all,confidence_and_non_abort,0.35,0.72,0.17949938644626556,0.36324498115188436
Debate,all,confidence_and_non_abort,0.39999999999999997,0.72,0.17949938644626556,0.36324498115188436
Debate,all,confidence_and_non_abort,0.44999999999999996,0.72,0.17949938644626556,0.36324498115188436
Debate,all,confidence_and_non_abort,0.49999999999999994,0.72,0.17949938644626556,0.36324498115188436
Debate,all,confidence_and_non_abort,0.5499999999999999,0.72,0.17949938644626556,0.36324498115188436
Debate,all,confidence_and_non_abort,0.6,0.616,0.16501943281872858,0.34091673340890144
Debate,all,confidence_and_non_abort,0.6499999999999999,0.416,0.1347522560800873,0.28794450172424274
Debate,all,confidence_and_non_abort,0.7,0.249,0.12460623881877535,0.25333155246015027
Debate,all,confidence_and_non_abort,0.7499999999999999,0.102,0.11197968189403064,0.21978290867221492
Debate,all,confidence_and_non_abort,0.7999999999999999,0.021,0.07799679727500299,0.18690370694386826
Debate,all,confidence_and_non_abort,0.85,0.0,,
Debate,all,confidence_and_non_abort,0.8999999999999999,0.0,,
Debate,all,confidence_and_non_abort,0.95,0.0,,
Monolithic,all,non_abort_only,0.0,0.724,0.19330439418609024,0.35365019002875003
Monolithic,all,confidence_and_non_abort,0.0,0.724,0.19330439418609024,0.35365019002875003
Monolithic,all,confidence_and_non_abort,0.049999999999999996,0.724,0.19330439418609024,0.35365019002875003
Monolithic,all,confidence_and_non_abort,0.09999999999999999,0.724,0.19330439418609024,0.35365019002875003
Monolithic,all,confidence_and_non_abort,0.15,0.724,0.19330439418609024,0.35365019002875003
Monolithic,all,confidence_and_non_abort,0.19999999999999998,0.724,0.19330439418609024,0.35365019002875003
Monolithic,all,confidence_and_non_abort,0.24999999999999997,0.724,0.19330439418609024,0.35365019002875003
Monolithic,all,confidence_and_non_abort,0.3,0.724,0.19330439418609024,0.35365019002875003
Monolithic,all,confidence_and_non_abort,0.35,0.724,0.19330439418609024,0.35365019002875003
Monolithic,all,confidence_and_non_abort,0.39999999999999997,0.724,0.19330439418609024,0.35365019002875003
Monolithic,all,confidence_and_non_abort,0.44999999999999996,0.724,0.19330439418609024,0.35365019002875003
Monolithic,all,confidence_and_non_abort,0.49999999999999994,0.724,0.19330439418609024,0.35365019002875003
Monolithic,all,confidence_and_non_abort,0.5499999999999999,0.714,0.19200009619507838,0.3511323485185851
Monolithic,all,confidence_and_non_abort,0.6,0.59,0.17706108749119867,0.3216348097711285
Monolithic,all,confidence_and_non_abort,0.6499999999999999,0.388,0.16933969892360953,0.2776246221041473
Monolithic,all,confidence_and_non_abort,0.7,0.243,0.1787480127991752,0.24782241349341222
Monolithic,all,confidence_and_non_abort,0.7499999999999999,0.123,0.18776957148688792,0.22009194164572657
Monolithic,all,confidence_and_non_abort,0.7999999999999999,0.023,0.20897464410298808,0.1883415377860099
Monolithic,all,confidence_and_non_abort,0.85,0.0,,
Monolithic,all,confidence_and_non_abort,0.8999999999999999,0.0,,
Monolithic,all,confidence_and_non_abort,0.95,0.0,,
Multi-Agent (A0 full),all,non_abort_only,0.0,0.751,0.18924475740104538,0.38410498547314176
Multi-Agent (A0 full),all,confidence_and_non_abort,0.0,0.751,0.18924475740104538,0.38410498547314176
Multi-Agent (A0 full),all,confidence_and_non_abort,0.049999999999999996,0.751,0.18924475740104538,0.38410498547314176
Multi-Agent (A0 full),all,confidence_and_non_abort,0.09999999999999999,0.751,0.18924475740104538,0.38410498547314176
Multi-Agent (A0 full),all,confidence_and_non_abort,0.15,0.751,0.18924475740104538,0.38410498547314176
Multi-Agent (A0 full),all,confidence_and_non_abort,0.19999999999999998,0.751,0.18924475740104538,0.38410498547314176
Multi-Agent (A0 full),all,confidence_and_non_abort,0.24999999999999997,0.751,0.18924475740104538,0.38410498547314176
Multi-Agent (A0 full),all,confidence_and_non_abort,0.3,0.751,0.18924475740104538,0.38410498547314176
Multi-Agent (A0 full),all,confidence_and_non_abort,0.35,0.751,0.18924475740104538,0.38410498547314176
Multi-Agent (A0 full),all,confidence_and_non_abort,0.39999999999999997,0.751,0.18924475740104538,0.38410498547314176
Multi-Agent (A0 full),all,confidence_and_non_abort,0.44999999999999996,0.751,0.18924475740104538,0.38410498547314176
Multi-Agent (A0 full),all,confidence_and_non_abort,0.49999999999999994,0.751,0.18924475740104538,0.38410498547314176
Multi-Agent (A0 full),all,confidence_and_non_abort,0.5499999999999999,0.751,0.18924475740104538,0.38410498547314176
Multi-Agent (A0 full),all,confidence_and_non_abort,0.6,0.654,0.1773947065029963,0.36797022892110104
Multi-Agent (A0 full),all,confidence_and_non_abort,0.6499999999999999,0.451,0.14208918712169935,0.30957397159694183
Multi-Agent (A0 full),all,confidence_and_non_abort,0.7,0.259,0.11230353551077202,0.2503059804337405
Multi-Agent (A0 full),all,confidence_and_non_abort,0.7499999999999999,0.118,0.09207073314128855,0.2149555761938367
Multi-Agent (A0 full),all,confidence_and_non_abort,0.7999999999999999,0.031,0.06987873728836685,0.18260733363467
Multi-Agent (A0 full),all,confidence_and_non_abort,0.85,0.0,,
Multi-Agent (A0 full),all,confidence_and_non_abort,0.8999999999999999,0.0,,
Multi-Agent (A0 full),all,confidence_and_non_abort,0.95,0.0,,
RAG-Monolithic,all,non_abort_only,0.0,0.743,0.18233205863493726,0.36516952465125374
RAG-Monolithic,all,confidence_and_non_abort,0.0,0.743,0.18233205863493726,0.36516952465125374
RAG-Monolithic,all,confidence_and_non_abort,0.049999999999999996,0.743,0.18233205863493726,0.36516952465125374
RAG-Monolithic,all,confidence_and_non_abort,0.09999999999999999,0.743,0.18233205863493726,0.36516952465125374
RAG-Monolithic,all,confidence_and_non_abort,0.15,0.743,0.18233205863493726,0.36516952465125374
RAG-Monolithic,all,confidence_and_non_abort,0.19999999999999998,0.743,0.18233205863493726,0.36516952465125374
RAG-Monolithic,all,confidence_and_non_abort,0.24999999999999997,0.743,0.18233205863493726,0.36516952465125374
RAG-Monolithic,all,confidence_and_non_abort,0.3,0.743,0.18233205863493726,0.36516952465125374
RAG-Monolithic,all,confidence_and_non_abort,0.35,0.743,0.18233205863493726,0.36516952465125374
RAG-Monolithic,all,confidence_and_non_abort,0.39999999999999997,0.743,0.18233205863493726,0.36516952465125374
RAG-Monolithic,all,confidence_and_non_abort,0.44999999999999996,0.743,0.18233205863493726,0.36516952465125374
RAG-Monolithic,all,confidence_and_non_abort,0.49999999999999994,0.743,0.18233205863493726,0.36516952465125374
RAG-Monolithic,all,confidence_and_non_abort,0.5499999999999999,0.742,0.18215704696018467,0.3649221927812738
RAG-Monolithic,all,confidence_and_non_abort,0.6,0.64,0.16837393523687963,0.34317367703254764
RAG-Monolithic,all,confidence_and_non_abort,0.6499999999999999,0.43,0.1425162808155538,0.29228994139392606
RAG-Monolithic,all,confidence_and_non_abort,0.7,0.245,0.13013371641906474,0.2520609079509707
RAG-Monolithic,all,confidence_and_non_abort,0.7499999999999999,0.102,0.12243392800777489,0.21814487619816056
RAG-Monolithic,all,confidence_and_non_abort,0.7999999999999999,0.025,0.07576290844563255,0.18500826913864202
RAG-Monolithic,all,confidence_and_non_abort,0.85,0.0,,
RAG-Monolithic,all,confidence_and_non_abort,0.8999999999999999,0.0,,
RAG-Monolithic,all,confidence_and_non_abort,0.95,0.0,,
Reflexion,all,non_abort_only,0.0,0.715,0.17875529880830077,0.358403872904369
Reflexion,all,confidence_and_non_abort,0.0,0.715,0.17875529880830077,0.358403872904369
Reflexion,all,confidence_and_non_abort,0.049999999999999996,0.715,0.17875529880830077,0.358403872904369
Reflexion,all,confidence_and_non_abort,0.09999999999999999,0.715,0.17875529880830077,0.358403872904369
Reflexion,all,confidence_and_non_abort,0.15,0.715,0.17875529880830077,0.358403872904369
Reflexion,all,confidence_and_non_abort,0.19999999999999998,0.715,0.17875529880830077,0.358403872904369
Reflexion,all,confidence_and_non_abort,0.24999999999999997,0.715,0.17875529880830077,0.358403872904369
Reflexion,all,confidence_and_non_abort,0.3,0.715,0.17875529880830077,0.358403872904369
Reflexion,all,confidence_and_non_abort,0.35,0.715,0.17875529880830077,0.358403872904369
Reflexion,all,confidence_and_non_abort,0.39999999999999997,0.715,0.17875529880830077,0.358403872904369
Reflexion,all,confidence_and_non_abort,0.44999999999999996,0.715,0.17875529880830077,0.358403872904369
Reflexion,all,confidence_and_non_abort,0.49999999999999994,0.715,0.17875529880830077,0.358403872904369
Reflexion,all,confidence_and_non_abort,0.5499999999999999,0.712,0.17839291258696735,0.3576833026968806
Reflexion,all,confidence_and_non_abort,0.6,0.606,0.16412010145811137,0.33454898503817243
Reflexion,all,confidence_and_non_abort,0.6499999999999999,0.408,0.13967259802753215,0.2861777515139117
Reflexion,all,confidence_and_non_abort,0.7,0.24,0.13779124182389788,0.2526364606038948
Reflexion,all,confidence_and_non_abort,0.7499999999999999,0.098,0.12450895015524038,0.21938520663804878
Reflexion,all,confidence_and_non_abort,0.7999999999999999,0.018,0.0918754348148964,0.18703335423524284
Reflexion,all,confidence_and_non_abort,0.85,0.0,,
Reflexion,all,confidence_and_non_abort,0.8999999999999999,0.0,,
Reflexion,all,confidence_and_non_abort,0.95,0.0,,
Sequential,all,non_abort_only,0.0,0.745,0.18396611612204788,0.3592183755700047
Sequential,all,confidence_and_non_abort,0.0,0.745,0.18396611612204788,0.3592183755700047
Sequential,all,confidence_and_non_abort,0.049999999999999996,0.745,0.18396611612204788,0.3592183755700047
Sequential,all,confidence_and_non_abort,0.09999999999999999,0.745,0.18396611612204788,0.3592183755700047
Sequential,all,confidence_and_non_abort,0.15,0.745,0.18396611612204788,0.3592183755700047
Sequential,all,confidence_and_non_abort,0.19999999999999998,0.745,0.18396611612204788,0.3592183755700047
Sequential,all,confidence_and_non_abort,0.24999999999999997,0.745,0.18396611612204788,0.3592183755700047
Sequential,all,confidence_and_non_abort,0.3,0.745,0.18396611612204788,0.3592183755700047
Sequential,all,confidence_and_non_abort,0.35,0.745,0.18396611612204788,0.3592183755700047
Sequential,all,confidence_and_non_abort,0.39999999999999997,0.745,0.18396611612204788,0.3592183755700047
Sequential,all,confidence_and_non_abort,0.44999999999999996,0.745,0.18396611612204788,0.3592183755700047
Sequential,all,confidence_and_non_abort,0.49999999999999994,0.745,0.18396611612204788,0.3592183755700047
Sequential,all,confidence_and_non_abort,0.5499999999999999,0.738,0.1829514091010618,0.35758989133817753
Sequential,all,confidence_and_non_abort,0.6,0.619,0.16916985237861926,0.33273258170402653
Sequential,all,confidence_and_non_abort,0.6499999999999999,0.402,0.15078162045624932,0.2853830439590953
Sequential,all,confidence_and_non_abort,0.7,0.234,0.1539429169640235,0.2546248765270499
Sequential,all,confidence_and_non_abort,0.7499999999999999,0.097,0.15281982645447853,0.2240165721889585
Sequential,all,confidence_and_non_abort,0.7999999999999999,0.011,0.1446939942228077,0.1902739836457845
Sequential,all,confidence_and_non_abort,0.85,0.0,,
Sequential,all,confidence_and_non_abort,0.8999999999999999,0.0,,
Sequential,all,confidence_and_non_abort,0.95,0.0,,
A1,high,non_abort_only,0.0,0.7727272727272727,0.19295231966519413,0.39448061957483826
A1,high,confidence_and_non_abort,0.0,0.7727272727272727,0.19295231966519413,0.39448061957483826
A1,high,confidence_and_non_abort,0.049999999999999996,0.7727272727272727,0.19295231966519413,0.39448061957483826
A1,high,confidence_and_non_abort,0.09999999999999999,0.7727272727272727,0.19295231966519413,0.39448061957483826
A1,high,confidence_and_non_abort,0.15,0.7727272727272727,0.19295231966519413,0.39448061957483826
A1,high,confidence_and_non_abort,0.19999999999999998,0.7727272727272727,0.19295231966519413,0.39448061957483826
A1,high,confidence_and_non_abort,0.24999999999999997,0.7727272727272727,0.19295231966519413,0.39448061957483826
A1,high,confidence_and_non_abort,0.3,0.7727272727272727,0.19295231966519413,0.39448061957483826
A1,high,confidence_and_non_abort,0.35,0.7727272727272727,0.19295231966519413,0.39448061957483826
A1,high,confidence_and_non_abort,0.39999999999999997,0.7727272727272727,0.19295231966519413,0.39448061957483826
A1,high,confidence_and_non_abort,0.44999999999999996,0.7727272727272727,0.19295231966519413,0.39448061957483826
A1,high,confidence_and_non_abort,0.49999999999999994,0.7727272727272727,0.19295231966519413,0.39448061957483826
A1,high,confidence_and_non_abort,0.5499999999999999,0.7727272727272727,0.19295231966519413,0.39448061957483826
A1,high,confidence_and_non_abort,0.6,0.7045454545454546,0.18309555805563307,0.3841238516886579
A1,high,confidence_and_non_abort,0.6499999999999999,0.4318181818181818,0.15483983568791285,0.32563001058650676
A1,high,confidence_and_non_abort,0.7,0.20454545454545456,0.11081029802463423,0.24878919096119667
A1,high,confidence_and_non_abort,0.7499999999999999,0.09090909090909091,0.07710394424741256,0.2119242614752465
A1,high,confidence_and_non_abort,0.7999999999999999,0.045454545454545456,0.07443499114060492,0.18950973488024447
A1,high,confidence_and_non_abort,0.85,0.0,,
A1,high,confidence_and_non_abort,0.8999999999999999,0.0,,
A1,high,confidence_and_non_abort,0.95,0.0,,
A10,high,non_abort_only,0.0,0.7954545454545454,0.19088224693272798,0.3795186535891857
A10,high,confidence_and_non_abort,0.0,0.7954545454545454,0.19088224693272798,0.3795186535891857
A10,high,confidence_and_non_abort,0.049999999999999996,0.7954545454545454,0.19088224693272798,0.3795186535891857
A10,high,confidence_and_non_abort,0.09999999999999999,0.7954545454545454,0.19088224693272798,0.3795186535891857
A10,high,confidence_and_non_abort,0.15,0.7954545454545454,0.19088224693272798,0.3795186535891857
A10,high,confidence_and_non_abort,0.19999999999999998,0.7954545454545454,0.19088224693272798,0.3795186535891857
A10,high,confidence_and_non_abort,0.24999999999999997,0.7954545454545454,0.19088224693272798,0.3795186535891857
A10,high,confidence_and_non_abort,0.3,0.7954545454545454,0.19088224693272798,0.3795186535891857
A10,high,confidence_and_non_abort,0.35,0.7954545454545454,0.19088224693272798,0.3795186535891857
A10,high,confidence_and_non_abort,0.39999999999999997,0.7954545454545454,0.19088224693272798,0.3795186535891857
A10,high,confidence_and_non_abort,0.44999999999999996,0.7954545454545454,0.19088224693272798,0.3795186535891857
A10,high,confidence_and_non_abort,0.49999999999999994,0.7954545454545454,0.19088224693272798,0.3795186535891857
A10,high,confidence_and_non_abort,0.5499999999999999,0.7954545454545454,0.19088224693272798,0.3795186535891857
A10,high,confidence_and_non_abort,0.6,0.5909090909090909,0.16224794708092433,0.3384885245280603
A10,high,confidence_and_non_abort,0.6499999999999999,0.4090909090909091,0.15042141535282422,0.29972137296441836
A10,high,confidence_and_non_abort,0.7,0.22727272727272727,0.1562492454051387,0.2734368695615689
A10,high,confidence_and_non_abort,0.7499999999999999,0.022727272727272728,0.06636826724697704,0.1936816861590578
A10,high,confidence_and_non_abort,0.7999999999999999,0.022727272727272728,0.06636826724697704,0.1936816861590578
A10,high,confidence_and_non_abort,0.85,0.0,,
A10,high,confidence_and_non_abort,0.8999999999999999,0.0,,
A10,high,confidence_and_non_abort,0.95,0.0,,
A11,high,non_abort_only,0.0,0.6136363636363636,0.1684907184479371,0.3406861616317548
A11,high,confidence_and_non_abort,0.0,0.6136363636363636,0.1684907184479371,0.3406861616317548
A11,high,confidence_and_non_abort,0.049999999999999996,0.6136363636363636,0.1684907184479371,0.3406861616317548
A11,high,confidence_and_non_abort,0.09999999999999999,0.6136363636363636,0.1684907184479371,0.3406861616317548
A11,high,confidence_and_non_abort,0.15,0.6136363636363636,0.1684907184479371,0.3406861616317548
A11,high,confidence_and_non_abort,0.19999999999999998,0.6136363636363636,0.1684907184479371,0.3406861616317548
A11,high,confidence_and_non_abort,0.24999999999999997,0.6136363636363636,0.1684907184479371,0.3406861616317548
A11,high,confidence_and_non_abort,0.3,0.6136363636363636,0.1684907184479371,0.3406861616317548
A11,high,confidence_and_non_abort,0.35,0.6136363636363636,0.1684907184479371,0.3406861616317548
A11,high,confidence_and_non_abort,0.39999999999999997,0.6136363636363636,0.1684907184479371,0.3406861616317548
A11,high,confidence_and_non_abort,0.44999999999999996,0.6136363636363636,0.1684907184479371,0.3406861616317548
A11,high,confidence_and_non_abort,0.49999999999999994,0.6136363636363636,0.1684907184479371,0.3406861616317548
A11,high,confidence_and_non_abort,0.5499999999999999,0.6136363636363636,0.1684907184479371,0.3406861616317548
A11,high,confidence_and_non_abort,0.6,0.5681818181818182,0.1633905951700881,0.33241383210985276
A11,high,confidence_and_non_abort,0.6499999999999999,0.4318181818181818,0.15427488990570562,0.30478531746521303
A11,high,confidence_and_non_abort,0.7,0.18181818181818182,0.14438239140901937,0.2649819090059268
A11,high,confidence_and_non_abort,0.7499999999999999,0.045454545454545456,0.13873936606404272,0.23425941773796072
A11,high,confidence_and_non_abort,0.7999999999999999,0.0,,
A11,high,confidence_and_non_abort,0.85,0.0,,
A11,high,confidence_and_non_abort,0.8999999999999999,0.0,,
A11,high,confidence_and_non_abort,0.95,0.0,,
A2,high,non_abort_only,0.0,0.7727272727272727,0.18278640641428384,0.3804044590582128
A2,high,confidence_and_non_abort,0.0,0.7727272727272727,0.18278640641428384,0.3804044590582128
A2,high,confidence_and_non_abort,0.049999999999999996,0.7727272727272727,0.18278640641428384,0.3804044590582128
A2,high,confidence_and_non_abort,0.09999999999999999,0.7727272727272727,0.18278640641428384,0.3804044590582128
A2,high,confidence_and_non_abort,0.15,0.7727272727272727,0.18278640641428384,0.3804044590582128
A2,high,confidence_and_non_abort,0.19999999999999998,0.7727272727272727,0.18278640641428384,0.3804044590582128
A2,high,confidence_and_non_abort,0.24999999999999997,0.7727272727272727,0.18278640641428384,0.3804044590582128
A2,high,confidence_and_non_abort,0.3,0.7727272727272727,0.18278640641428384,0.3804044590582128
A2,high,confidence_and_non_abort,0.35,0.7727272727272727,0.18278640641428384,0.3804044590582128
A2,high,confidence_and_non_abort,0.39999999999999997,0.7727272727272727,0.18278640641428384,0.3804044590582128
A2,high,confidence_and_non_abort,0.44999999999999996,0.7727272727272727,0.18278640641428384,0.3804044590582128
A2,high,confidence_and_non_abort,0.49999999999999994,0.7727272727272727,0.18278640641428384,0.3804044590582128
A2,high,confidence_and_non_abort,0.5499999999999999,0.7727272727272727,0.18278640641428384,0.3804044590582128
A2,high,confidence_and_non_abort,0.6,0.6590909090909091,0.16550160161127384,0.35515912926584553
A2,high,confidence_and_non_abort,0.6499999999999999,0.4090909090909091,0.11812064809066723,0.28607887728699416
A2,high,confidence_and_non_abort,0.7,0.25,0.10447013290740945,0.26100204977610403
A2,high,confidence_and_non_abort,0.7499999999999999,0.06818181818181818,0.07499205871280219,0.20789215165134559
A2,high,confidence_and_non_abort,0.7999999999999999,0.022727272727272728,0.07808892649856224,0.17048889649354235
A2,high,confidence_and_non_abort,0.85,0.0,,
A2,high,confidence_and_non_abort,0.8999999999999999,0.0,,
A2,high,confidence_and_non_abort,0.95,0.0,,
A3,high,non_abort_only,0.0,0.7727272727272727,0.18657610249701506,0.3846652050581662
A3,high,confidence_and_non_abort,0.0,0.7727272727272727,0.18657610249701506,0.3846652050581662
A3,high,confidence_and_non_abort,0.049999999999999996,0.7727272727272727,0.18657610249701506,0.3846652050581662
A3,high,confidence_and_non_abort,0.09999999999999999,0.7727272727272727,0.18657610249701506,0.3846652050581662
A3,high,confidence_and_non_abort,0.15,0.7727272727272727,0.18657610249701506,0.3846652050581662
A3,high,confidence_and_non_abort,0.19999999999999998,0.7727272727272727,0.18657610249701506,0.3846652050581662
A3,high,confidence_and_non_abort,0.24999999999999997,0.7727272727272727,0.18657610249701506,0.3846652050581662
A3,high,confidence_and_non_abort,0.3,0.7727272727272727,0.18657610249701506,0.3846652050581662
A3,high,confidence_and_non_abort,0.35,0.7727272727272727,0.18657610249701506,0.3846652050581662
A3,high,confidence_and_non_abort,0.39999999999999997,0.7727272727272727,0.18657610249701506,0.3846652050581662
A3,high,confidence_and_non_abort,0.44999999999999996,0.7727272727272727,0.18657610249701506,0.3846652050581662
A3,high,confidence_and_non_abort,0.49999999999999994,0.7727272727272727,0.18657610249701506,0.3846652050581662
A3,high,confidence_and_non_abort,0.5499999999999999,0.7727272727272727,0.18657610249701506,0.3846652050581662
A3,high,confidence_and_non_abort,0.6,0.7045454545454546,0.1767570737538661,0.3731875764637508
A3,high,confidence_and_non_abort,0.6499999999999999,0.36363636363636365,0.1326705926608911,0.29816057777794763
A3,high,confidence_and_non_abort,0.7,0.18181818181818182,0.11591964262994206,0.25294195589053725
A3,high,confidence_and_non_abort,0.7499999999999999,0.06818181818181818,0.10194384688127874,0.2122613325706829
A3,high,confidence_and_non_abort,0.7999999999999999,0.022727272727272728,0.062344241851739646,0.17559110150596466
A3,high,confidence_and_non_abort,0.85,0.0,,
A3,high,confidence_and_non_abort,0.8999999999999999,0.0,,
A3,high,confidence_and_non_abort,0.95,0.0,,
A4,high,non_abort_only,0.0,0.7954545454545454,0.19932211826492852,0.3910285096001893
A4,high,confidence_and_non_abort,0.0,0.7954545454545454,0.19932211826492852,0.3910285096001893
A4,high,confidence_and_non_abort,0.049999999999999996,0.7954545454545454,0.19932211826492852,0.3910285096001893
A4,high,confidence_and_non_abort,0.09999999999999999,0.7954545454545454,0.19932211826492852,0.3910285096001893
A4,high,confidence_and_non_abort,0.15,0.7954545454545454,0.19932211826492852,0.3910285096001893
A4,high,confidence_and_non_abort,0.19999999999999998,0.7954545454545454,0.19932211826492852,0.3910285096001893
A4,high,confidence_and_non_abort,0.24999999999999997,0.7954545454545454,0.19932211826492852,0.3910285096001893
A4,high,confidence_and_non_abort,0.3,0.7954545454545454,0.19932211826492852,0.3910285096001893
A4,high,confidence_and_non_abort,0.35,0.7954545454545454,0.19932211826492852,0.3910285096001893
A4,high,confidence_and_non_abort,0.39999999999999997,0.7954545454545454,0.19932211826492852,0.3910285096001893
A4,high,confidence_and_non_abort,0.44999999999999996,0.7954545454545454,0.19932211826492852,0.3910285096001893
A4,high,confidence_and_non_abort,0.49999999999999994,0.7954545454545454,0.19932211826492852,0.3910285096001893
A4,high,confidence_and_non_abort,0.5499999999999999,0.7954545454545454,0.19932211826492852,0.3910285096001893
A4,high,confidence_and_non_abort,0.6,0.6136363636363636,0.16844684551692654,0.3521235546229031
A4,high,confidence_and_non_abort,0.6499999999999999,0.36363636363636365,0.12684128473912873,0.2853250224360685
A4,high,confidence_and_non_abort,0.7,0.20454545454545456,0.10320862510391939,0.25435415809005213
A4,high,confidence_and_non_abort,0.7499999999999999,0.09090909090909091,0.08039306197476083,0.22590648583321113
A4,high,confidence_and_non_abort,0.7999999999999999,0.0,,
A4,high,confidence_and_non_abort,0.85,0.0,,
A4,high,confidence_and_non_abort,0.8999999999999999,0.0,,
A4,high,confidence_and_non_abort,0.95,0.0,,
A5,high,non_abort_only,0.0,0.7727272727272727,0.18014554055349463,0.36783560460833703
A5,high,confidence_and_non_abort,0.0,0.7727272727272727,0.18014554055349463,0.36783560460833703
A5,high,confidence_and_non_abort,0.049999999999999996,0.7727272727272727,0.18014554055349463,0.36783560460833703
A5,high,confidence_and_non_abort,0.09999999999999999,0.7727272727272727,0.18014554055349463,0.36783560460833703
A5,high,confidence_and_non_abort,0.15,0.7727272727272727,0.18014554055349463,0.36783560460833703
A5,high,confidence_and_non_abort,0.19999999999999998,0.7727272727272727,0.18014554055349463,0.36783560460833703
A5,high,confidence_and_non_abort,0.24999999999999997,0.7727272727272727,0.18014554055349463,0.36783560460833703
A5,high,confidence_and_non_abort,0.3,0.7727272727272727,0.18014554055349463,0.36783560460833703
A5,high,confidence_and_non_abort,0.35,0.7727272727272727,0.18014554055349463,0.36783560460833703
A5,high,confidence_and_non_abort,0.39999999999999997,0.7727272727272727,0.18014554055349463,0.36783560460833703
A5,high,confidence_and_non_abort,0.44999999999999996,0.7727272727272727,0.18014554055349463,0.36783560460833703
A5,high,confidence_and_non_abort,0.49999999999999994,0.7727272727272727,0.18014554055349463,0.36783560460833703
A5,high,confidence_and_non_abort,0.5499999999999999,0.7727272727272727,0.18014554055349463,0.36783560460833703
A5,high,confidence_and_non_abort,0.6,0.5909090909090909,0.15355491841081226,0.3297236440051498
A5,high,confidence_and_non_abort,0.6499999999999999,0.38636363636363635,0.13155255995003845,0.27852619098556247
A5,high,confidence_and_non_abort,0.7,0.25,0.1275414893099819,0.2607325983121575
A5,high,confidence_and_non_abort,0.7499999999999999,0.06818181818181818,0.07672610995808486,0.2291573879467725
A5,high,confidence_and_non_abort,0.7999999999999999,0.0,,
A5,high,confidence_and_non_abort,0.85,0.0,,
A5,high,confidence_and_non_abort,0.8999999999999999,0.0,,
A5,high,confidence_and_non_abort,0.95,0.0,,
A6,high,non_abort_only,0.0,0.8181818181818182,0.1852962605880684,0.37936488073042973
A6,high,confidence_and_non_abort,0.0,0.8181818181818182,0.1852962605880684,0.37936488073042973
A6,high,confidence_and_non_abort,0.049999999999999996,0.8181818181818182,0.1852962605880684,0.37936488073042973
A6,high,confidence_and_non_abort,0.09999999999999999,0.8181818181818182,0.1852962605880684,0.37936488073042973
A6,high,confidence_and_non_abort,0.15,0.8181818181818182,0.1852962605880684,0.37936488073042973
A6,high,confidence_and_non_abort,0.19999999999999998,0.8181818181818182,0.1852962605880684,0.37936488073042973
A6,high,confidence_and_non_abort,0.24999999999999997,0.8181818181818182,0.1852962605880684,0.37936488073042973
A6,high,confidence_and_non_abort,0.3,0.8181818181818182,0.1852962605880684,0.37936488073042973
A6,high,confidence_and_non_abort,0.35,0.8181818181818182,0.1852962605880684,0.37936488073042973
A6,high,confidence_and_non_abort,0.39999999999999997,0.8181818181818182,0.1852962605880684,0.37936488073042973
A6,high,confidence_and_non_abort,0.44999999999999996,0.8181818181818182,0.1852962605880684,0.37936488073042973
A6,high,confidence_and_non_abort,0.49999999999999994,0.8181818181818182,0.1852962605880684,0.37936488073042973
A6,high,confidence_and_non_abort,0.5499999999999999,0.8181818181818182,0.1852962605880684,0.37936488073042973
A6,high,confidence_and_non_abort,0.6,0.6818181818181818,0.17106552477043688,0.36013646559313967
A6,high,confidence_and_non_abort,0.6499999999999999,0.36363636363636365,0.1334801332287756,0.2889774001234917
A6,high,confidence_and_non_abort,0.7,0.1590909090909091,0.12581922198568327,0.24365264867887135
A6,high,confidence_and_non_abort,0.7499999999999999,0.06818181818181818,0.06675408419962746,0.20736999898111297
A6,high,confidence_and_non_abort,0.7999999999999999,0.022727272727272728,0.04685283022333354,0.17682914868356986
A6,high,confidence_and_non_abort,0.85,0.0,,
A6,high,confidence_and_non_abort,0.8999999999999999,0.0,,
A6,high,confidence_and_non_abort,0.95,0.0,,
A7,high,non_abort_only,0.0,0.7045454545454546,0.18491532992074852,0.3723438279080238
A7,high,confidence_and_non_abort,0.0,0.7045454545454546,0.18491532992074852,0.3723438279080238
A7,high,confidence_and_non_abort,0.049999999999999996,0.7045454545454546,0.18491532992074852,0.3723438279080238
A7,high,confidence_and_non_abort,0.09999999999999999,0.7045454545454546,0.18491532992074852,0.3723438279080238
A7,high,confidence_and_non_abort,0.15,0.7045454545454546,0.18491532992074852,0.3723438279080238
A7,high,confidence_and_non_abort,0.19999999999999998,0.7045454545454546,0.18491532992074852,0.3723438279080238
A7,high,confidence_and_non_abort,0.24999999999999997,0.7045454545454546,0.18491532992074852,0.3723438279080238
A7,high,confidence_and_non_abort,0.3,0.7045454545454546,0.18491532992074852,0.3723438279080238
A7,high,confidence_and_non_abort,0.35,0.7045454545454546,0.18491532992074852,0.3723438279080238
A7,high,confidence_and_non_abort,0.39999999999999997,0.7045454545454546,0.18491532992074852,0.3723438279080238
A7,high,confidence_and_non_abort,0.44999999999999996,0.7045454545454546,0.18491532992074852,0.3723438279080238
A7,high,confidence_and_non_abort,0.49999999999999994,0.7045454545454546,0.18491532992074852,0.3723438279080238
A7,high,confidence_and_non_abort,0.5499999999999999,0.7045454545454546,0.18491532992074852,0.3723438279080238
A7,high,confidence_and_non_abort,0.6,0.6818181818181818,0.18171795928998255,0.3663503038350238
A7,high,confidence_and_non_abort,0.6499999999999999,0.38636363636363635,0.14203905214842266,0.2995385037895706
A7,high,confidence_and_non_abort,0.7,0.1590909090909091,0.14614567657108773,0.25197232191580243
A7,high,confidence_and_non_abort,0.7499999999999999,0.06818181818181818,0.11856199626897095,0.2210785288618319
A7,high,confidence_and_non_abort,0.7999999999999999,0.022727272727272728,0.06786765186935828,0.18299023263022662
A7,high,confidence_and_non_abort,0.85,0.0,,
A7,high,confidence_and_non_abort,0.8999999999999999,0.0,,
A7,high,confidence_and_non_abort,0.95,0.0,,
A8,high,non_abort_only,0.0,0.75,0.18887225516906733,0.36480481986801616
A8,high,confidence_and_non_abort,0.0,0.75,0.18887225516906733,0.36480481986801616
A8,high,confidence_and_non_abort,0.049999999999999996,0.75,0.18887225516906733,0.36480481986801616
A8,high,confidence_and_non_abort,0.09999999999999999,0.75,0.18887225516906733,0.36480481986801616
A8,high,confidence_and_non_abort,0.15,0.75,0.18887225516906733,0.36480481986801616
A8,high,confidence_and_non_abort,0.19999999999999998,0.75,0.18887225516906733,0.36480481986801616
A8,high,confidence_and_non_abort,0.24999999999999997,0.75,0.18887225516906733,0.36480481986801616
A8,high,confidence_and_non_abort,0.3,0.75,0.18887225516906733,0.36480481986801616
A8,high,confidence_and_non_abort,0.35,0.75,0.18887225516906733,0.36480481986801616
A8,high,confidence_and_non_abort,0.39999999999999997,0.75,0.18887225516906733,0.36480481986801616
A8,high,confidence_and_non_abort,0.44999999999999996,0.75,0.18887225516906733,0.36480481986801616
A8,high,confidence_and_non_abort,0.49999999999999994,0.75,0.18887225516906733,0.36480481986801616
A8,high,confidence_and_non_abort,0.5499999999999999,0.7272727272727273,0.18677179696116733,0.3621005029767602
A8,high,confidence_and_non_abort,0.6,0.5681818181818182,0.16454705086347438,0.3279190365382364
A8,high,confidence_and_non_abort,0.6499999999999999,0.4090909090909091,0.1498285774052831,0.29432423611161496
A8,high,confidence_and_non_abort,0.7,0.20454545454545456,0.12014859924563999,0.25798030807772115
A8,high,confidence_and_non_abort,0.7499999999999999,0.06818181818181818,0.11035703778473872,0.21900722449272117
A8,high,confidence_and_non_abort,0.7999999999999999,0.022727272727272728,0.06626214613667683,0.18923263897670478
A8,high,confidence_and_non_abort,0.85,0.0,,
A8,high,confidence_and_non_abort,0.8999999999999999,0.0,,
A8,high,confidence_and_non_abort,0.95,0.0,,
A9,high,non_abort_only,0.0,0.6818181818181818,0.16347100957591382,0.34816909383182104
A9,high,confidence_and_non_abort,0.0,0.6818181818181818,0.16347100957591382,0.34816909383182104
A9,high,confidence_and_non_abort,0.049999999999999996,0.6818181818181818,0.16347100957591382,0.34816909383182104
A9,high,confidence_and_non_abort,0.09999999999999999,0.6818181818181818,0.16347100957591382,0.34816909383182104
A9,high,confidence_and_non_abort,0.15,0.6818181818181818,0.16347100957591382,0.34816909383182104
A9,high,confidence_and_non_abort,0.19999999999999998,0.6818181818181818,0.16347100957591382,0.34816909383182104
A9,high,confidence_and_non_abort,0.24999999999999997,0.6818181818181818,0.16347100957591382,0.34816909383182104
A9,high,confidence_and_non_abort,0.3,0.6818181818181818,0.16347100957591382,0.34816909383182104
A9,high,confidence_and_non_abort,0.35,0.6818181818181818,0.16347100957591382,0.34816909383182104
A9,high,confidence_and_non_abort,0.39999999999999997,0.6818181818181818,0.16347100957591382,0.34816909383182104
A9,high,confidence_and_non_abort,0.44999999999999996,0.6818181818181818,0.16347100957591382,0.34816909383182104
A9,high,confidence_and_non_abort,0.49999999999999994,0.6818181818181818,0.16347100957591382,0.34816909383182104
A9,high,confidence_and_non_abort,0.5499999999999999,0.6818181818181818,0.16347100957591382,0.34816909383182104
A9,high,confidence_and_non_abort,0.6,0.5909090909090909,0.14674928346277866,0.319778880004291
A9,high,confidence_and_non_abort,0.6499999999999999,0.4090909090909091,0.1309439739517279,0.29365192678855623
A9,high,confidence_and_non_abort,0.7,0.20454545454545456,0.1339485787397251,0.2584315401120896
A9,high,confidence_and_non_abort,0.7499999999999999,0.09090909090909091,0.10272050215748316,0.22785133227637244
A9,high,confidence_and_non_abort,0.7999999999999999,0.022727272727272728,0.0890834210085065,0.18405534027178233
A9,high,confidence_and_non_abort,0.85,0.0,,
A9,high,confidence_and_non_abort,0.8999999999999999,0.0,,
A9,high,confidence_and_non_abort,0.95,0.0,,
Debate,high,non_abort_only,0.0,0.7272727272727273,0.17897624965706954,0.37623213143072926
Debate,high,confidence_and_non_abort,0.0,0.7272727272727273,0.17897624965706954,0.37623213143072926
Debate,high,confidence_and_non_abort,0.049999999999999996,0.7272727272727273,0.17897624965706954,0.37623213143072926
Debate,high,confidence_and_non_abort,0.09999999999999999,0.7272727272727273,0.17897624965706954,0.37623213143072926
Debate,high,confidence_and_non_abort,0.15,0.7272727272727273,0.17897624965706954,0.37623213143072926
Debate,high,confidence_and_non_abort,0.19999999999999998,0.7272727272727273,0.17897624965706954,0.37623213143072926
Debate,high,confidence_and_non_abort,0.24999999999999997,0.7272727272727273,0.17897624965706954,0.37623213143072926
Debate,high,confidence_and_non_abort,0.3,0.7272727272727273,0.17897624965706954,0.37623213143072926
Debate,high,confidence_and_non_abort,0.35,0.7272727272727273,0.17897624965706954,0.37623213143072926
Debate,high,confidence_and_non_abort,0.39999999999999997,0.7272727272727273,0.17897624965706954,0.37623213143072926
Debate,high,confidence_and_non_abort,0.44999999999999996,0.7272727272727273,0.17897624965706954,0.37623213143072926
Debate,high,confidence_and_non_abort,0.49999999999999994,0.7272727272727273,0.17897624965706954,0.37623213143072926
Debate,high,confidence_and_non_abort,0.5499999999999999,0.7272727272727273,0.17897624965706954,0.37623213143072926
Debate,high,confidence_and_non_abort,0.6,0.6590909090909091,0.17367817665615426,0.3675930737805434
Debate,high,confidence_and_non_abort,0.6499999999999999,0.36363636363636365,0.14617537428526517,0.31997308800218344
Debate,high,confidence_and_non_abort,0.7,0.13636363636363635,0.098805617118131,0.2508501663878174
Debate,high,confidence_and_non_abort,0.7499999999999999,0.06818181818181818,0.08321127601881002,0.22578483959624504
Debate,high,confidence_and_non_abort,0.7999999999999999,0.0,,
Debate,high,confidence_and_non_abort,0.85,0.0,,
Debate,high,confidence_and_non_abort,0.8999999999999999,0.0,,
Debate,high,confidence_and_non_abort,0.95,0.0,,
Monolithic,high,non_abort_only,0.0,0.6363636363636364,0.19219933176823864,0.3391358373152763
Monolithic,high,confidence_and_non_abort,0.0,0.6363636363636364,0.19219933176823864,0.3391358373152763
Monolithic,high,confidence_and_non_abort,0.049999999999999996,0.6363636363636364,0.19219933176823864,0.3391358373152763
Monolithic,high,confidence_and_non_abort,0.09999999999999999,0.6363636363636364,0.19219933176823864,0.3391358373152763
Monolithic,high,confidence_and_non_abort,0.15,0.6363636363636364,0.19219933176823864,0.3391358373152763
Monolithic,high,confidence_and_non_abort,0.19999999999999998,0.6363636363636364,0.19219933176823864,0.3391358373152763
Monolithic,high,confidence_and_non_abort,0.24999999999999997,0.6363636363636364,0.19219933176823864,0.3391358373152763
Monolithic,high,confidence_and_non_abort,0.3,0.6363636363636364,0.19219933176823864,0.3391358373152763
Monolithic,high,confidence_and_non_abort,0.35,0.6363636363636364,0.19219933176823864,0.3391358373152763
Monolithic,high,confidence_and_non_abort,0.39999999999999997,0.6363636363636364,0.19219933176823864,0.3391358373152763
Monolithic,high,confidence_and_non_abort,0.44999999999999996,0.6363636363636364,0.19219933176823864,0.3391358373152763
Monolithic,high,confidence_and_non_abort,0.49999999999999994,0.6363636363636364,0.19219933176823864,0.3391358373152763
Monolithic,high,confidence_and_non_abort,0.5499999999999999,0.6363636363636364,0.19219933176823864,0.3391358373152763
Monolithic,high,confidence_and_non_abort,0.6,0.5227272727272727,0.1773572747878017,0.3062392295388703
Monolithic,high,confidence_and_non_abort,0.6499999999999999,0.4090909090909091,0.1723318654145919,0.28182084634546883
Monolithic,high,confidence_and_non_abort,0.7,0.25,0.1789331579844515,0.25353982265168806
Monolithic,high,confidence_and_non_abort,0.7499999999999999,0.09090909090909091,0.17005521687056788,0.22333843269320186
Monolithic,high,confidence_and_non_abort,0.7999999999999999,0.0,,
Monolithic,high,confidence_and_non_abort,0.85,0.0,,
Monolithic,high,confidence_and_non_abort,0.8999999999999999,0.0,,
Monolithic,high,confidence_and_non_abort,0.95,0.0,,
Multi-Agent (A0 full),high,non_abort_only,0.0,0.7727272727272727,0.1924878358807216,0.3978267941284375
Multi-Agent (A0 full),high,confidence_and_non_abort,0.0,0.7727272727272727,0.1924878358807216,0.3978267941284375
Multi-Agent (A0 full),high,confidence_and_non_abort,0.049999999999999996,0.7727272727272727,0.1924878358807216,0.3978267941284375
Multi-Agent (A0 full),high,confidence_and_non_abort,0.09999999999999999,0.7727272727272727,0.1924878358807216,0.3978267941284375
Multi-Agent (A0 full),high,confidence_and_non_abort,0.15,0.7727272727272727,0.1924878358807216,0.3978267941284375
Multi-Agent (A0 full),high,confidence_and_non_abort,0.19999999999999998,0.7727272727272727,0.1924878358807216,0.3978267941284375
Multi-Agent (A0 full),high,confidence_and_non_abort,0.24999999999999997,0.7727272727272727,0.1924878358807216,0.3978267941284375
Multi-Agent (A0 full),high,confidence_and_non_abort,0.3,0.7727272727272727,0.1924878358807216,0.3978267941284375
Multi-Agent (A0 full),high,confidence_and_non_abort,0.35,0.7727272727272727,0.1924878358807216,0.3978267941284375
Multi-Agent (A0 full),high,confidence_and_non_abort,0.39999999999999997,0.7727272727272727,0.1924878358807216,0.3978267941284375
Multi-Agent (A0 full),high,confidence_and_non_abort,0.44999999999999996,0.7727272727272727,0.1924878358807216,0.3978267941284375
Multi-Agent (A0 full),high,confidence_and_non_abort,0.49999999999999994,0.7727272727272727,0.1924878358807216,0.3978267941284375
Multi-Agent (A0 full),high,confidence_and_non_abort,0.5499999999999999,0.7727272727272727,0.1924878358807216,0.3978267941284375
Multi-Agent (A0 full),high,confidence_and_non_abort,0.6,0.6590909090909091,0.18131052767397646,0.3786870804894237
Multi-Agent (A0 full),high,confidence_and_non_abort,0.6499999999999999,0.4772727272727273,0.1539141386364711,0.33822171973391174
Multi-Agent (A0 full),high,confidence_and_non_abort,0.7,0.2727272727272727,0.10481887663128975,0.26339188612717096
Multi-Agent (A0 full),high,confidence_and_non_abort,0.7499999999999999,0.06818181818181818,0.0778390438814237,0.2172457561257616
Multi-Agent (A0 full),high,confidence_and_non_abort,0.7999999999999999,0.022727272727272728,0.0553239376939821,0.1953677938947213
Multi-Agent (A0 full),high,confidence_and_non_abort,0.85,0.0,,
Multi-Agent (A0 full),high,confidence_and_non_abort,0.8999999999999999,0.0,,
Multi-Agent (A0 full),high,confidence_and_non_abort,0.95,0.0,,
RAG-Monolithic,high,non_abort_only,0.0,0.7727272727272727,0.18783180158225019,0.3788160223111058
RAG-Monolithic,high,confidence_and_non_abort,0.0,0.7727272727272727,0.18783180158225019,0.3788160223111058
RAG-Monolithic,high,confidence_and_non_abort,0.049999999999999996,0.7727272727272727,0.18783180158225019,0.3788160223111058
RAG-Monolithic,high,confidence_and_non_abort,0.09999999999999999,0.7727272727272727,0.18783180158225019,0.3788160223111058
RAG-Monolithic,high,confidence_and_non_abort,0.15,0.7727272727272727,0.18783180158225019,0.3788160223111058
RAG-Monolithic,high,confidence_and_non_abort,0.19999999999999998,0.7727272727272727,0.18783180158225019,0.3788160223111058
RAG-Monolithic,high,confidence_and_non_abort,0.24999999999999997,0.7727272727272727,0.18783180158225019,0.3788160223111058
RAG-Monolithic,high,confidence_and_non_abort,0.3,0.7727272727272727,0.18783180158225019,0.3788160223111058
RAG-Monolithic,high,confidence_and_non_abort,0.35,0.7727272727272727,0.18783180158225019,0.3788160223111058
RAG-Monolithic,high,confidence_and_non_abort,0.39999999999999997,0.7727272727272727,0.18783180158225019,0.3788160223111058
RAG-Monolithic,high,confidence_and_non_abort,0.44999999999999996,0.7727272727272727,0.18783180158225019,0.3788160223111058
RAG-Monolithic,high,confidence_and_non_abort,0.49999999999999994,0.7727272727272727,0.18783180158225019,0.3788160223111058
RAG-Monolithic,high,confidence_and_non_abort,0.5499999999999999,0.7727272727272727,0.18783180158225019,0.3788160223111058
RAG-Monolithic,high,confidence_and_non_abort,0.6,0.7045454545454546,0.18233437899195776,0.3680423149042494
RAG-Monolithic,high,confidence_and_non_abort,0.6499999999999999,0.4090909090909091,0.14260743480666263,0.2884525396683173
RAG-Monolithic,high,confidence_and_non_abort,0.7,0.25,0.14419307808740991,0.2649410319685606
RAG-Monolithic,high,confidence_and_non_abort,0.7499999999999999,0.06818181818181818,0.08207295256067469,0.21933483117718633
RAG-Monolithic,high,confidence_and_non_abort,0.7999999999999999,0.022727272727272728,0.07474730655993665,0.18250994910230506
RAG-Monolithic,high,confidence_and_non_abort,0.85,0.0,,
RAG-Monolithic,high,confidence_and_non_abort,0.8999999999999999,0.0,,
RAG-Monolithic,high,confidence_and_non_abort,0.95,0.0,,
Reflexion,high,non_abort_only,0.0,0.7045454545454546,0.17272892128004982,0.3631472278652205
Reflexion,high,confidence_and_non_abort,0.0,0.7045454545454546,0.17272892128004982,0.3631472278652205
Reflexion,high,confidence_and_non_abort,0.049999999999999996,0.7045454545454546,0.17272892128004982,0.3631472278652205
Reflexion,high,confidence_and_non_abort,0.09999999999999999,0.7045454545454546,0.17272892128004982,0.3631472278652205
Reflexion,high,confidence_and_non_abort,0.15,0.7045454545454546,0.17272892128004982,0.3631472278652205
Reflexion,high,confidence_and_non_abort,0.19999999999999998,0.7045454545454546,0.17272892128004982,0.3631472278652205
Reflexion,high,confidence_and_non_abort,0.24999999999999997,0.7045454545454546,0.17272892128004982,0.3631472278652205
Reflexion,high,confidence_and_non_abort,0.3,0.7045454545454546,0.17272892128004982,0.3631472278652205
Reflexion,high,confidence_and_non_abort,0.35,0.7045454545454546,0.17272892128004982,0.3631472278652205
Reflexion,high,confidence_and_non_abort,0.39999999999999997,0.7045454545454546,0.17272892128004982,0.3631472278652205
Reflexion,high,confidence_and_non_abort,0.44999999999999996,0.7045454545454546,0.17272892128004982,0.3631472278652205
Reflexion,high,confidence_and_non_abort,0.49999999999999994,0.7045454545454546,0.17272892128004982,0.3631472278652205
Reflexion,high,confidence_and_non_abort,0.5499999999999999,0.6818181818181818,0.17089780957927717,0.35949619940534067
Reflexion,high,confidence_and_non_abort,0.6,0.6590909090909091,0.16793480669815827,0.35701810194391703
Reflexion,high,confidence_and_non_abort,0.6499999999999999,0.36363636363636365,0.13544136240822433,0.2966677781342361
Reflexion,high,confidence_and_non_abort,0.7,0.1590909090909091,0.1392975996235328,0.245954370728164
Reflexion,high,confidence_and_non_abort,0.7499999999999999,0.06818181818181818,0.07306456930941523,0.20272333155778957
Reflexion,high,confidence_and_non_abort,0.7999999999999999,0.045454545454545456,0.08411082348691656,0.1872255395783844
Reflexion,high,confidence_and_non_abort,0.85,0.0,,
Reflexion,high,confidence_and_non_abort,0.8999999999999999,0.0,,
Reflexion,high,confidence_and_non_abort,0.95,0.0,,
Sequential,high,non_abort_only,0.0,0.75,0.17708337905034682,0.36047964603984883
Sequential,high,confidence_and_non_abort,0.0,0.75,0.17708337905034682,0.36047964603984883
Sequential,high,confidence_and_non_abort,0.049999999999999996,0.75,0.17708337905034682,0.36047964603984883
Sequential,high,confidence_and_non_abort,0.09999999999999999,0.75,0.17708337905034682,0.36047964603984883
Sequential,high,confidence_and_non_abort,0.15,0.75,0.17708337905034682,0.36047964603984883
Sequential,high,confidence_and_non_abort,0.19999999999999998,0.75,0.17708337905034682,0.36047964603984883
Sequential,high,confidence_and_non_abort,0.24999999999999997,0.75,0.17708337905034682,0.36047964603984883
Sequential,high,confidence_and_non_abort,0.3,0.75,0.17708337905034682,0.36047964603984883
Sequential,high,confidence_and_non_abort,0.35,0.75,0.17708337905034682,0.36047964603984883
Sequential,high,confidence_and_non_abort,0.39999999999999997,0.75,0.17708337905034682,0.36047964603984883
Sequential,high,confidence_and_non_abort,0.44999999999999996,0.75,0.17708337905034682,0.36047964603984883
Sequential,high,confidence_and_non_abort,0.49999999999999994,0.75,0.17708337905034682,0.36047964603984883
Sequential,high,confidence_and_non_abort,0.5499999999999999,0.75,0.17708337905034682,0.36047964603984883
Sequential,high,confidence_and_non_abort,0.6,0.6136363636363636,0.1564293607726934,0.32234577391509056
Sequential,high,confidence_and_non_abort,0.6499999999999999,0.4090909090909091,0.154799575494234,0.2941289581548122
Sequential,high,confidence_and_non_abort,0.7,0.18181818181818182,0.15982271415619032,0.2523323385545325
Sequential,high,confidence_and_non_abort,0.7499999999999999,0.06818181818181818,0.1698802634743801,0.22386950881448645
Sequential,high,confidence_and_non_abort,0.7999999999999999,0.0,,
Sequential,high,confidence_and_non_abort,0.85,0.0,,
Sequential,high,confidence_and_non_abort,0.8999999999999999,0.0,,
Sequential,high,confidence_and_non_abort,0.95,0.0,,
