perturbation,architecture,rank,mean_score,kendall_tau_vs_baseline,lambda,clipping_bound,p_hat_temperature
baseline,A11,1,0.587052548560339,0.8970588235294118,1.0,1.0,1.0
baseline,A9,2,0.5885963523436973,0.8970588235294118,1.0,1.0,1.0
baseline,Sequential,3,0.5890712903958987,0.8970588235294118,1.0,1.0,1.0
baseline,A10,4,0.5895189071613679,0.8970588235294118,1.0,1.0,1.0
baseline,A7,5,0.5911374613597483,0.8970588235294118,1.0,1.0,1.0
baseline,A6,6,0.5932531026098016,0.8970588235294118,1.0,1.0,1.0
baseline,Reflexion,7,0.5933250897759427,0.8970588235294118,1.0,1.0,1.0
baseline,A8,8,0.5952924701442291,0.8970588235294118,1.0,1.0,1.0
baseline,RAG-Monolithic,9,0.5978658637264923,0.8970588235294118,1.0,1.0,1.0
baseline,Monolithic,10,0.5985933090327317,0.8970588235294118,1.0,1.0,1.0
baseline,A5,11,0.6000153513975702,0.8970588235294118,1.0,1.0,1.0
baseline,Debate,12,0.6024200088420059,0.8970588235294118,1.0,1.0,1.0
baseline,A4,13,0.604696125443909,0.8970588235294118,1.0,1.0,1.0
baseline,A3,14,0.6111382226122246,0.8970588235294118,1.0,1.0,1.0
baseline,A2,15,0.6132542028944217,0.8970588235294118,1.0,1.0,1.0
baseline,A1,16,0.616809952883672,0.8970588235294118,1.0,1.0,1.0
baseline,Multi-Agent (A0 full),17,0.6272700565357444,0.8970588235294118,1.0,1.0,1.0
lambda_0.5_clip_0.8_temp_0.8,A11,1,0.3789734594045947,0.9117647058823529,0.5,0.8,0.8
lambda_0.5_clip_0.8_temp_0.8,A9,2,0.380262879683116,0.9117647058823529,0.5,0.8,0.8
lambda_0.5_clip_0.8_temp_0.8,Sequential,3,0.3810869822514468,0.9117647058823529,0.5,0.8,0.8
lambda_0.5_clip_0.8_temp_0.8,A10,4,0.3811401708001421,0.9117647058823529,0.5,0.8,0.8
lambda_0.5_clip_0.8_temp_0.8,A7,5,0.38207876715385153,0.9117647058823529,0.5,0.8,0.8
lambda_0.5_clip_0.8_temp_0.8,A6,6,0.38363189442980566,0.9117647058823529,0.5,0.8,0.8
lambda_0.5_clip_0.8_temp_0.8,Reflexion,7,0.3843253231425459,0.9117647058823529,0.5,0.8,0.8
lambda_0.5_clip_0.8_temp_0.8,A8,8,0.3860205192724291,0.9117647058823529,0.5,0.8,0.8
lambda_0.5_clip_0.8_temp_0.8,RAG-Monolithic,9,0.38813501679599816,0.9117647058823529,0.5,0.8,0.8
lambda_0.5_clip_0.8_temp_0.8,A5,10,0.3895835401130674,0.9117647058823529,0.5,0.8,0.8
lambda_0.5_clip_0.8_temp_0.8,Monolithic,11,0.3910041018584736,0.9117647058823529,0.5,0.8,0.8
lambda_0.5_clip_0.8_temp_0.8,Debate,12,0.3916772248673572,0.9117647058823529,0.5,0.8,0.8
lambda_0.5_clip_0.8_temp_0.8,A4,13,0.3935217940928645,0.9117647058823529,0.5,0.8,0.8
lambda_0.5_clip_0.8_temp_0.8,A3,14,0.39873929894934806,0.9117647058823529,0.5,0.8,0.8
lambda_0.5_clip_0.8_temp_0.8,A2,15,0.4006994834912544,0.9117647058823529,0.5,0.8,0.8
lambda_0.5_clip_0.8_temp_0.8,A1,16,0.4035410368143883,0.9117647058823529,0.5,0.8,0.8
lambda_0.5_clip_0.8_temp_0.8,Multi-Agent (A0 full),17,0.41191236483844784,0.9117647058823529,0.5,0.8,0.8
lambda_0.5_clip_0.8_temp_1.0,A11,1,0.38948396092162324,0.9411764705882352,0.5,0.8,1.0
lambda_0.5_clip_0.8_temp_1.0,A9,2,0.39065233104072206,0.9411764705882352,0.5,0.8,1.0
lambda_0.5_clip_0.8_temp_1.0,A10,3,0.3915869911847842,0.9411764705882352,0.5,0.8,1.0
lambda_0.5_clip_0.8_temp_1.0,Sequential,4,0.39159143861737117,0.9411764705882352,0.5,0.8,1.0
lambda_0.5_clip_0.8_temp_1.0,A7,5,0.3922208001520556,0.9411764705882352,0.5,0.8,1.0
lambda_0.5_clip_0.8_temp_1.0,A6,6,0.39364335504939785,0.9411764705882352,0.5,0.8,1.0
lambda_0.5_clip_0.8_temp_1.0,Reflexion,7,0.39446569903157797,0.9411764705882352,0.5,0.8,1.0
lambda_0.5_clip_0.8_temp_1.0,A8,8,0.39610255170839237,0.9411764705882352,0.5,0.8,1.0
lambda_0.5_clip_0.8_temp_1.0,RAG-Monolithic,9,0.39799312303094636,0.9411764705882352,0.5,0.8,1.0
lambda_0.5_clip_0.8_temp_1.0,A5,10,0.3993149079374888,0.9411764705882352,0.5,0.8,1.0
lambda_0.5_clip_0.8_temp_1.0,Debate,11,0.4012516211026275,0.9411764705882352,0.5,0.8,1.0
lambda_0.5_clip_0.8_temp_1.0,Monolithic,12,0.40135825222128735,0.9411764705882352,0.5,0.8,1.0
lambda_0.5_clip_0.8_temp_1.0,A4,13,0.4029587321964746,0.9411764705882352,0.5,0.8,1.0
lambda_0.5_clip_0.8_temp_1.0,A3,14,0.4077954470744638,0.9411764705882352,0.5,0.8,1.0
lambda_0.5_clip_0.8_temp_1.0,A2,15,0.4096493342767694,0.9411764705882352,0.5,0.8,1.0
lambda_0.5_clip_0.8_temp_1.0,A1,16,0.4122435787223749,0.9411764705882352,0.5,0.8,1.0
lambda_0.5_clip_0.8_temp_1.0,Multi-Agent (A0 full),17,0.41999647739779555,0.9411764705882352,0.5,0.8,1.0
lambda_0.5_clip_0.8_temp_1.2,A11,1,0.39717830883668254,0.9411764705882352,0.5,0.8,1.2
lambda_0.5_clip_0.8_temp_1.2,A9,2,0.39827140703217995,0.9411764705882352,0.5,0.8,1.2
lambda_0.5_clip_0.8_temp_1.2,A10,3,0.39923329213548997,0.9411764705882352,0.5,0.8,1.2
lambda_0.5_clip_0.8_temp_1.2,Sequential,4,0.3992889000507701,0.9411764705882352,0.5,0.8,1.2
lambda_0.5_clip_0.8_temp_1.2,A7,5,0.39967481217318995,0.9411764705882352,0.5,0.8,1.2
lambda_0.5_clip_0.8_temp_1.2,A6,6,0.4009995891851897,0.9411764705882352,0.5,0.8,1.2
lambda_0.5_clip_0.8_temp_1.2,Reflexion,7,0.40192286332271515,0.9411764705882352,0.5,0.8,1.2
lambda_0.5_clip_0.8_temp_1.2,A8,8,0.40351539832986943,0.9411764705882352,0.5,0.8,1.2
lambda_0.5_clip_0.8_temp_1.2,RAG-Monolithic,9,0.40526706897489156,0.9411764705882352,0.5,0.8,1.2
lambda_0.5_clip_0.8_temp_1.2,A5,10,0.40648481407547427,0.9411764705882352,0.5,0.8,1.2
lambda_0.5_clip_0.8_temp_1.2,Debate,11,0.4083257419204085,0.9411764705882352,0.5,0.8,1.2
lambda_0.5_clip_0.8_temp_1.2,Monolithic,12,0.4090040393693893,0.9411764705882352,0.5,0.8,1.2
lambda_0.5_clip_0.8_temp_1.2,A4,13,0.40993908559611075,0.9411764705882352,0.5,0.8,1.2
lambda_0.5_clip_0.8_temp_1.2,A3,14,0.4145157880145485,0.9411764705882352,0.5,0.8,1.2
lambda_0.5_clip_0.8_temp_1.2,A2,15,0.41630762358460627,0.9411764705882352,0.5,0.8,1.2
lambda_0.5_clip_0.8_temp_1.2,A1,16,0.4187353020970286,0.9411764705882352,0.5,0.8,1.2
lambda_0.5_clip_0.8_temp_1.2,Multi-Agent (A0 full),17,0.4260590907430711,0.9411764705882352,0.5,0.8,1.2
lambda_0.5_clip_0.8_temp_1.5,A11,1,0.40539093163230233,0.9411764705882352,0.5,0.8,1.5
lambda_0.5_clip_0.8_temp_1.5,A9,2,0.40641416408040537,0.9411764705882352,0.5,0.8,1.5
lambda_0.5_clip_0.8_temp_1.5,A10,3,0.4073925236042556,0.9411764705882352,0.5,0.8,1.5
lambda_0.5_clip_0.8_temp_1.5,Sequential,4,0.40751028553554536,0.9411764705882352,0.5,0.8,1.5
lambda_0.5_clip_0.8_temp_1.5,A7,5,0.40765337019136366,0.9411764705882352,0.5,0.8,1.5
lambda_0.5_clip_0.8_temp_1.5,A6,6,0.40887195630726914,0.9411764705882352,0.5,0.8,1.5
lambda_0.5_clip_0.8_temp_1.5,Reflexion,7,0.40990777079540075,0.9411764705882352,0.5,0.8,1.5
lambda_0.5_clip_0.8_temp_1.5,A8,8,0.41145119007605563,0.9411764705882352,0.5,0.8,1.5
lambda_0.5_clip_0.8_temp_1.5,RAG-Monolithic,9,0.41307443157657525,0.9411764705882352,0.5,0.8,1.5
lambda_0.5_clip_0.8_temp_1.5,A5,10,0.4141722751007433,0.9411764705882352,0.5,0.8,1.5
lambda_0.5_clip_0.8_temp_1.5,Debate,11,0.41592530093166225,0.9411764705882352,0.5,0.8,1.5
lambda_0.5_clip_0.8_temp_1.5,Monolithic,12,0.41721580703917155,0.9411764705882352,0.5,0.8,1.5
lambda_0.5_clip_0.8_temp_1.5,A4,13,0.4174439984703311,0.9411764705882352,0.5,0.8,1.5
lambda_0.5_clip_0.8_temp_1.5,A3,14,0.4217565882503082,0.9411764705882352,0.5,0.8,1.5
lambda_0.5_clip_0.8_temp_1.5,A2,15,0.42349445364344274,0.9411764705882352,0.5,0.8,1.5
lambda_0.5_clip_0.8_temp_1.5,A1,16,0.4257568882071684,0.9411764705882352,0.5,0.8,1.5
lambda_0.5_clip_0.8_temp_1.5,Multi-Agent (A0 full),17,0.43263992964452663,0.9411764705882352,0.5,0.8,1.5
lambda_0.5_clip_1.0_temp_0.8,A11,1,0.3789734594045947,0.9117647058823529,0.5,1.0,0.8
lambda_0.5_clip_1.0_temp_0.8,A9,2,0.380262879683116,0.9117647058823529,0.5,1.0,0.8
lambda_0.5_clip_1.0_temp_0.8,Sequential,3,0.3810869822514468,0.9117647058823529,0.5,1.0,0.8
lambda_0.5_clip_1.0_temp_0.8,A10,4,0.3811401708001421,0.9117647058823529,0.5,1.0,0.8
lambda_0.5_clip_1.0_temp_0.8,A7,5,0.38207876715385153,0.9117647058823529,0.5,1.0,0.8
lambda_0.5_clip_1.0_temp_0.8,A6,6,0.38363189442980566,0.9117647058823529,0.5,1.0,0.8
lambda_0.5_clip_1.0_temp_0.8,Reflexion,7,0.3843253231425459,0.9117647058823529,0.5,1.0,0.8
lambda_0.5_clip_1.0_temp_0.8,A8,8,0.3860205192724291,0.9117647058823529,0.5,1.0,0.8
lambda_0.5_clip_1.0_temp_0.8,RAG-Monolithic,9,0.38813501679599816,0.9117647058823529,0.5,1.0,0.8
lambda_0.5_clip_1.0_temp_0.8,A5,10,0.3895835401130674,0.9117647058823529,0.5,1.0,0.8
lambda_0.5_clip_1.0_temp_0.8,Monolithic,11,0.3910041018584736,0.9117647058823529,0.5,1.0,0.8
lambda_0.5_clip_1.0_temp_0.8,Debate,12,0.3916772248673572,0.9117647058823529,0.5,1.0,0.8
lambda_0.5_clip_1.0_temp_0.8,A4,13,0.3935217940928645,0.9117647058823529,0.5,1.0,0.8
lambda_0.5_clip_1.0_temp_0.8,A3,14,0.39873929894934806,0.9117647058823529,0.5,1.0,0.8
lambda_0.5_clip_1.0_temp_0.8,A2,15,0.4006994834912544,0.9117647058823529,0.5,1.0,0.8
lambda_0.5_clip_1.0_temp_0.8,A1,16,0.4035410368143883,0.9117647058823529,0.5,1.0,0.8
lambda_0.5_clip_1.0_temp_0.8,Multi-Agent (A0 full),17,0.41191236483844784,0.9117647058823529,0.5,1.0,0.8
lambda_0.5_clip_1.0_temp_1.0,A11,1,0.38948396092162324,0.9411764705882352,0.5,1.0,1.0
lambda_0.5_clip_1.0_temp_1.0,A9,2,0.39065233104072206,0.9411764705882352,0.5,1.0,1.0
lambda_0.5_clip_1.0_temp_1.0,A10,3,0.3915869911847842,0.9411764705882352,0.5,1.0,1.0
lambda_0.5_clip_1.0_temp_1.0,Sequential,4,0.39159143861737117,0.9411764705882352,0.5,1.0,1.0
lambda_0.5_clip_1.0_temp_1.0,A7,5,0.3922208001520556,0.9411764705882352,0.5,1.0,1.0
lambda_0.5_clip_1.0_temp_1.0,A6,6,0.39364335504939785,0.9411764705882352,0.5,1.0,1.0
lambda_0.5_clip_1.0_temp_1.0,Reflexion,7,0.39446569903157797,0.9411764705882352,0.5,1.0,1.0
lambda_0.5_clip_1.0_temp_1.0,A8,8,0.39610255170839237,0.9411764705882352,0.5,1.0,1.0
lambda_0.5_clip_1.0_temp_1.0,RAG-Monolithic,9,0.39799312303094636,0.9411764705882352,0.5,1.0,1.0
lambda_0.5_clip_1.0_temp_1.0,A5,10,0.3993149079374888,0.9411764705882352,0.5,1.0,1.0
lambda_0.5_clip_1.0_temp_1.0,Debate,11,0.4012516211026275,0.9411764705882352,0.5,1.0,1.0
lambda_0.5_clip_1.0_temp_1.0,Monolithic,12,0.40135825222128735,0.9411764705882352,0.5,1.0,1.0
lambda_0.5_clip_1.0_temp_1.0,A4,13,0.4029587321964746,0.9411764705882352,0.5,1.0,1.0
lambda_0.5_clip_1.0_temp_1.0,A3,14,0.4077954470744638,0.9411764705882352,0.5,1.0,1.0
lambda_0.5_clip_1.0_temp_1.0,A2,15,0.4096493342767694,0.9411764705882352,0.5,1.0,1.0
lambda_0.5_clip_1.0_temp_1.0,A1,16,0.4122435787223749,0.9411764705882352,0.5,1.0,1.0
lambda_0.5_clip_1.0_temp_1.0,Multi-Agent (A0 full),17,0.41999647739779555,0.9411764705882352,0.5,1.0,1.0
lambda_0.5_clip_1.0_temp_1.2,A11,1,0.39717830883668254,0.9411764705882352,0.5,1.0,1.2
lambda_0.5_clip_1.0_temp_1.2,A9,2,0.39827140703217995,0.9411764705882352,0.5,1.0,1.2
lambda_0.5_clip_1.0_temp_1.2,A10,3,0.39923329213548997,0.9411764705882352,0.5,1.0,1.2
lambda_0.5_clip_1.0_temp_1.2,Sequential,4,0.3992889000507701,0.9411764705882352,0.5,1.0,1.2
lambda_0.5_clip_1.0_temp_1.2,A7,5,0.39967481217318995,0.9411764705882352,0.5,1.0,1.2
lambda_0.5_clip_1.0_temp_1.2,A6,6,0.4009995891851897,0.9411764705882352,0.5,1.0,1.2
lambda_0.5_clip_1.0_temp_1.2,Reflexion,7,0.40192286332271515,0.9411764705882352,0.5,1.0,1.2
lambda_0.5_clip_1.0_temp_1.2,A8,8,0.40351539832986943,0.9411764705882352,0.5,1.0,1.2
lambda_0.5_clip_1.0_temp_1.2,RAG-Monolithic,9,0.40526706897489156,0.9411764705882352,0.5,1.0,1.2
lambda_0.5_clip_1.0_temp_1.2,A5,10,0.40648481407547427,0.9411764705882352,0.5,1.0,1.2
lambda_0.5_clip_1.0_temp_1.2,Debate,11,0.4083257419204085,0.9411764705882352,0.5,1.0,1.2
lambda_0.5_clip_1.0_temp_1.2,Monolithic,12,0.4090040393693893,0.9411764705882352,0.5,1.0,1.2
lambda_0.5_clip_1.0_temp_1.2,A4,13,0.40993908559611075,0.9411764705882352,0.5,1.0,1.2
lambda_0.5_clip_1.0_temp_1.2,A3,14,0.4145157880145485,0.9411764705882352,0.5,1.0,1.2
lambda_0.5_clip_1.0_temp_1.2,A2,15,0.41630762358460627,0.9411764705882352,0.5,1.0,1.2
lambda_0.5_clip_1.0_temp_1.2,A1,16,0.4187353020970286,0.9411764705882352,0.5,1.0,1.2
lambda_0.5_clip_1.0_temp_1.2,Multi-Agent (A0 full),17,0.4260590907430711,0.9411764705882352,0.5,1.0,1.2
lambda_0.5_clip_1.0_temp_1.5,A11,1,0.40539093163230233,0.9411764705882352,0.5,1.0,1.5
lambda_0.5_clip_1.0_temp_1.5,A9,2,0.40641416408040537,0.9411764705882352,0.5,1.0,1.5
lambda_0.5_clip_1.0_temp_1.5,A10,3,0.4073925236042556,0.9411764705882352,0.5,1.0,1.5
lambda_0.5_clip_1.0_temp_1.5,Sequential,4,0.40751028553554536,0.9411764705882352,0.5,1.0,1.5
lambda_0.5_clip_1.0_temp_1.5,A7,5,0.40765337019136366,0.9411764705882352,0.5,1.0,1.5
lambda_0.5_clip_1.0_temp_1.5,A6,6,0.40887195630726914,0.9411764705882352,0.5,1.0,1.5
lambda_0.5_clip_1.0_temp_1.5,Reflexion,7,0.40990777079540075,0.9411764705882352,0.5,1.0,1.5
lambda_0.5_clip_1.0_temp_1.5,A8,8,0.41145119007605563,0.9411764705882352,0.5,1.0,1.5
lambda_0.5_clip_1.0_temp_1.5,RAG-Monolithic,9,0.41307443157657525,0.9411764705882352,0.5,1.0,1.5
lambda_0.5_clip_1.0_temp_1.5,A5,10,0.4141722751007433,0.9411764705882352,0.5,1.0,1.5
lambda_0.5_clip_1.0_temp_1.5,Debate,11,0.41592530093166225,0.9411764705882352,0.5,1.0,1.5
lambda_0.5_clip_1.0_temp_1.5,Monolithic,12,0.41721580703917155,0.9411764705882352,0.5,1.0,1.5
lambda_0.5_clip_1.0_temp_1.5,A4,13,0.4174439984703311,0.9411764705882352,0.5,1.0,1.5
lambda_0.5_clip_1.0_temp_1.5,A3,14,0.4217565882503082,0.9411764705882352,0.5,1.0,1.5
lambda_0.5_clip_1.0_temp_1.5,A2,15,0.42349445364344274,0.9411764705882352,0.5,1.0,1.5
lambda_0.5_clip_1.0_temp_1.5,A1,16,0.4257568882071684,0.9411764705882352,0.5,1.0,1.5
lambda_0.5_clip_1.0_temp_1.5,Multi-Agent (A0 full),17,0.43263992964452663,0.9411764705882352,0.5,1.0,1.5
lambda_0.5_clip_1.2_temp_0.8,A11,1,0.3789734594045947,0.9117647058823529,0.5,1.2,0.8
lambda_0.5_clip_1.2_temp_0.8,A9,2,0.380262879683116,0.9117647058823529,0.5,1.2,0.8
lambda_0.5_clip_1.2_temp_0.8,Sequential,3,0.3810869822514468,0.9117647058823529,0.5,1.2,0.8
lambda_0.5_clip_1.2_temp_0.8,A10,4,0.3811401708001421,0.9117647058823529,0.5,1.2,0.8
lambda_0.5_clip_1.2_temp_0.8,A7,5,0.38207876715385153,0.9117647058823529,0.5,1.2,0.8
lambda_0.5_clip_1.2_temp_0.8,A6,6,0.38363189442980566,0.9117647058823529,0.5,1.2,0.8
lambda_0.5_clip_1.2_temp_0.8,Reflexion,7,0.3843253231425459,0.9117647058823529,0.5,1.2,0.8
lambda_0.5_clip_1.2_temp_0.8,A8,8,0.3860205192724291,0.9117647058823529,0.5,1.2,0.8
lambda_0.5_clip_1.2_temp_0.8,RAG-Monolithic,9,0.38813501679599816,0.9117647058823529,0.5,1.2,0.8
lambda_0.5_clip_1.2_temp_0.8,A5,10,0.3895835401130674,0.9117647058823529,0.5,1.2,0.8
lambda_0.5_clip_1.2_temp_0.8,Monolithic,11,0.3910041018584736,0.9117647058823529,0.5,1.2,0.8
lambda_0.5_clip_1.2_temp_0.8,Debate,12,0.3916772248673572,0.9117647058823529,0.5,1.2,0.8
lambda_0.5_clip_1.2_temp_0.8,A4,13,0.3935217940928645,0.9117647058823529,0.5,1.2,0.8
lambda_0.5_clip_1.2_temp_0.8,A3,14,0.39873929894934806,0.9117647058823529,0.5,1.2,0.8
lambda_0.5_clip_1.2_temp_0.8,A2,15,0.4006994834912544,0.9117647058823529,0.5,1.2,0.8
lambda_0.5_clip_1.2_temp_0.8,A1,16,0.4035410368143883,0.9117647058823529,0.5,1.2,0.8
lambda_0.5_clip_1.2_temp_0.8,Multi-Agent (A0 full),17,0.41191236483844784,0.9117647058823529,0.5,1.2,0.8
lambda_0.5_clip_1.2_temp_1.0,A11,1,0.38948396092162324,0.9411764705882352,0.5,1.2,1.0
lambda_0.5_clip_1.2_temp_1.0,A9,2,0.39065233104072206,0.9411764705882352,0.5,1.2,1.0
lambda_0.5_clip_1.2_temp_1.0,A10,3,0.3915869911847842,0.9411764705882352,0.5,1.2,1.0
lambda_0.5_clip_1.2_temp_1.0,Sequential,4,0.39159143861737117,0.9411764705882352,0.5,1.2,1.0
lambda_0.5_clip_1.2_temp_1.0,A7,5,0.3922208001520556,0.9411764705882352,0.5,1.2,1.0
lambda_0.5_clip_1.2_temp_1.0,A6,6,0.39364335504939785,0.9411764705882352,0.5,1.2,1.0
lambda_0.5_clip_1.2_temp_1.0,Reflexion,7,0.39446569903157797,0.9411764705882352,0.5,1.2,1.0
lambda_0.5_clip_1.2_temp_1.0,A8,8,0.39610255170839237,0.9411764705882352,0.5,1.2,1.0
lambda_0.5_clip_1.2_temp_1.0,RAG-Monolithic,9,0.39799312303094636,0.9411764705882352,0.5,1.2,1.0
lambda_0.5_clip_1.2_temp_1.0,A5,10,0.3993149079374888,0.9411764705882352,0.5,1.2,1.0
lambda_0.5_clip_1.2_temp_1.0,Debate,11,0.4012516211026275,0.9411764705882352,0.5,1.2,1.0
lambda_0.5_clip_1.2_temp_1.0,Monolithic,12,0.40135825222128735,0.9411764705882352,0.5,1.2,1.0
lambda_0.5_clip_1.2_temp_1.0,A4,13,0.4029587321964746,0.9411764705882352,0.5,1.2,1.0
lambda_0.5_clip_1.2_temp_1.0,A3,14,0.4077954470744638,0.9411764705882352,0.5,1.2,1.0
lambda_0.5_clip_1.2_temp_1.0,A2,15,0.4096493342767694,0.9411764705882352,0.5,1.2,1.0
lambda_0.5_clip_1.2_temp_1.0,A1,16,0.4122435787223749,0.9411764705882352,0.5,1.2,1.0
lambda_0.5_clip_1.2_temp_1.0,Multi-Agent (A0 full),17,0.41999647739779555,0.9411764705882352,0.5,1.2,1.0
lambda_0.5_clip_1.2_temp_1.2,A11,1,0.39717830883668254,0.9411764705882352,0.5,1.2,1.2
lambda_0.5_clip_1.2_temp_1.2,A9,2,0.39827140703217995,0.9411764705882352,0.5,1.2,1.2
lambda_0.5_clip_1.2_temp_1.2,A10,3,0.39923329213548997,0.9411764705882352,0.5,1.2,1.2
lambda_0.5_clip_1.2_temp_1.2,Sequential,4,0.3992889000507701,0.9411764705882352,0.5,1.2,1.2
lambda_0.5_clip_1.2_temp_1.2,A7,5,0.39967481217318995,0.9411764705882352,0.5,1.2,1.2
lambda_0.5_clip_1.2_temp_1.2,A6,6,0.4009995891851897,0.9411764705882352,0.5,1.2,1.2
lambda_0.5_clip_1.2_temp_1.2,Reflexion,7,0.40192286332271515,0.9411764705882352,0.5,1.2,1.2
lambda_0.5_clip_1.2_temp_1.2,A8,8,0.40351539832986943,0.9411764705882352,0.5,1.2,1.2
lambda_0.5_clip_1.2_temp_1.2,RAG-Monolithic,9,0.40526706897489156,0.9411764705882352,0.5,1.2,1.2
lambda_0.5_clip_1.2_temp_1.2,A5,10,0.40648481407547427,0.9411764705882352,0.5,1.2,1.2
lambda_0.5_clip_1.2_temp_1.2,Debate,11,0.4083257419204085,0.9411764705882352,0.5,1.2,1.2
lambda_0.5_clip_1.2_temp_1.2,Monolithic,12,0.4090040393693893,0.9411764705882352,0.5,1.2,1.2
lambda_0.5_clip_1.2_temp_1.2,A4,13,0.40993908559611075,0.9411764705882352,0.5,1.2,1.2
lambda_0.5_clip_1.2_temp_1.2,A3,14,0.4145157880145485,0.9411764705882352,0.5,1.2,1.2
lambda_0.5_clip_1.2_temp_1.2,A2,15,0.41630762358460627,0.9411764705882352,0.5,1.2,1.2
lambda_0.5_clip_1.2_temp_1.2,A1,16,0.4187353020970286,0.9411764705882352,0.5,1.2,1.2
lambda_0.5_clip_1.2_temp_1.2,Multi-Agent (A0 full),17,0.4260590907430711,0.9411764705882352,0.5,1.2,1.2
lambda_0.5_clip_1.2_temp_1.5,A11,1,0.40539093163230233,0.9411764705882352,0.5,1.2,1.5
lambda_0.5_clip_1.2_temp_1.5,A9,2,0.40641416408040537,0.9411764705882352,0.5,1.2,1.5
lambda_0.5_clip_1.2_temp_1.5,A10,3,0.4073925236042556,0.9411764705882352,0.5,1.2,1.5
lambda_0.5_clip_1.2_temp_1.5,Sequential,4,0.40751028553554536,0.9411764705882352,0.5,1.2,1.5
lambda_0.5_clip_1.2_temp_1.5,A7,5,0.40765337019136366,0.9411764705882352,0.5,1.2,1.5
lambda_0.5_clip_1.2_temp_1.5,A6,6,0.40887195630726914,0.9411764705882352,0.5,1.2,1.5
lambda_0.5_clip_1.2_temp_1.5,Reflexion,7,0.40990777079540075,0.9411764705882352,0.5,1.2,1.5
lambda_0.5_clip_1.2_temp_1.5,A8,8,0.41145119007605563,0.9411764705882352,0.5,1.2,1.5
lambda_0.5_clip_1.2_temp_1.5,RAG-Monolithic,9,0.41307443157657525,0.9411764705882352,0.5,1.2,1.5
lambda_0.5_clip_1.2_temp_1.5,A5,10,0.4141722751007433,0.9411764705882352,0.5,1.2,1.5
lambda_0.5_clip_1.2_temp_1.5,Debate,11,0.41592530093166225,0.9411764705882352,0.5,1.2,1.5
lambda_0.5_clip_1.2_temp_1.5,Monolithic,12,0.41721580703917155,0.9411764705882352,0.5,1.2,1.5
lambda_0.5_clip_1.2_temp_1.5,A4,13,0.4174439984703311,0.9411764705882352,0.5,1.2,1.5
lambda_0.5_clip_1.2_temp_1.5,A3,14,0.4217565882503082,0.9411764705882352,0.5,1.2,1.5
lambda_0.5_clip_1.2_temp_1.5,A2,15,0.42349445364344274,0.9411764705882352,0.5,1.2,1.5
lambda_0.5_clip_1.2_temp_1.5,A1,16,0.4257568882071684,0.9411764705882352,0.5,1.2,1.5
lambda_0.5_clip_1.2_temp_1.5,Multi-Agent (A0 full),17,0.43263992964452663,0.9411764705882352,0.5,1.2,1.5
lambda_1.0_clip_0.8_temp_0.8,A11,1,0.566031545526282,0.8676470588235293,1.0,0.8,0.8
lambda_1.0_clip_0.8_temp_0.8,A9,2,0.5678174496284851,0.8676470588235293,1.0,0.8,0.8
lambda_1.0_clip_0.8_temp_0.8,Sequential,3,0.5680623776640499,0.8676470588235293,1.0,0.8,0.8
lambda_1.0_clip_0.8_temp_0.8,A10,4,0.5686252663920838,0.8676470588235293,1.0,0.8,0.8
lambda_1.0_clip_0.8_temp_0.8,A7,5,0.57085339536334,0.8676470588235293,1.0,0.8,0.8
lambda_1.0_clip_0.8_temp_0.8,Reflexion,6,0.5730443379978786,0.8676470588235293,1.0,0.8,0.8
lambda_1.0_clip_0.8_temp_0.8,A6,7,0.5732301813706171,0.8676470588235293,1.0,0.8,0.8
lambda_1.0_clip_0.8_temp_0.8,A8,8,0.5751284052723026,0.8676470588235293,1.0,0.8,0.8
lambda_1.0_clip_0.8_temp_0.8,Monolithic,9,0.5778850083071043,0.8676470588235293,1.0,0.8,0.8
lambda_1.0_clip_0.8_temp_0.8,RAG-Monolithic,10,0.5781496512565958,0.8676470588235293,1.0,0.8,0.8
lambda_1.0_clip_0.8_temp_0.8,A5,11,0.5805526157487274,0.8676470588235293,1.0,0.8,0.8
lambda_1.0_clip_0.8_temp_0.8,Debate,12,0.5832712163714652,0.8676470588235293,1.0,0.8,0.8
lambda_1.0_clip_0.8_temp_0.8,A4,13,0.5858222492366887,0.8676470588235293,1.0,0.8,0.8
lambda_1.0_clip_0.8_temp_0.8,A3,14,0.5930259263619931,0.8676470588235293,1.0,0.8,0.8
lambda_1.0_clip_0.8_temp_0.8,A2,15,0.5953545013233915,0.8676470588235293,1.0,0.8,0.8
lambda_1.0_clip_0.8_temp_0.8,A1,16,0.5994048690676987,0.8676470588235293,1.0,0.8,0.8
lambda_1.0_clip_0.8_temp_0.8,Multi-Agent (A0 full),17,0.6111018314170489,0.8676470588235293,1.0,0.8,0.8
lambda_1.0_clip_0.8_temp_1.0,A11,1,0.587052548560339,0.8970588235294118,1.0,0.8,1.0
lambda_1.0_clip_0.8_temp_1.0,A9,2,0.5885963523436973,0.8970588235294118,1.0,0.8,1.0
lambda_1.0_clip_0.8_temp_1.0,Sequential,3,0.5890712903958987,0.8970588235294118,1.0,0.8,1.0
lambda_1.0_clip_0.8_temp_1.0,A10,4,0.5895189071613679,0.8970588235294118,1.0,0.8,1.0
lambda_1.0_clip_0.8_temp_1.0,A7,5,0.5911374613597483,0.8970588235294118,1.0,0.8,1.0
lambda_1.0_clip_0.8_temp_1.0,A6,6,0.5932531026098016,0.8970588235294118,1.0,0.8,1.0
lambda_1.0_clip_0.8_temp_1.0,Reflexion,7,0.5933250897759427,0.8970588235294118,1.0,0.8,1.0
lambda_1.0_clip_0.8_temp_1.0,A8,8,0.5952924701442291,0.8970588235294118,1.0,0.8,1.0
lambda_1.0_clip_0.8_temp_1.0,RAG-Monolithic,9,0.5978658637264923,0.8970588235294118,1.0,0.8,1.0
lambda_1.0_clip_0.8_temp_1.0,Monolithic,10,0.5985933090327317,0.8970588235294118,1.0,0.8,1.0
lambda_1.0_clip_0.8_temp_1.0,A5,11,0.6000153513975702,0.8970588235294118,1.0,0.8,1.0
lambda_1.0_clip_0.8_temp_1.0,Debate,12,0.6024200088420059,0.8970588235294118,1.0,0.8,1.0
lambda_1.0_clip_0.8_temp_1.0,A4,13,0.604696125443909,0.8970588235294118,1.0,0.8,1.0
lambda_1.0_clip_0.8_temp_1.0,A3,14,0.6111382226122246,0.8970588235294118,1.0,0.8,1.0
lambda_1.0_clip_0.8_temp_1.0,A2,15,0.6132542028944217,0.8970588235294118,1.0,0.8,1.0
lambda_1.0_clip_0.8_temp_1.0,A1,16,0.616809952883672,0.8970588235294118,1.0,0.8,1.0
lambda_1.0_clip_0.8_temp_1.0,Multi-Agent (A0 full),17,0.6272700565357444,0.8970588235294118,1.0,0.8,1.0
lambda_1.0_clip_0.8_temp_1.2,A11,1,0.6024412443904577,0.8970588235294118,1.0,0.8,1.2
lambda_1.0_clip_0.8_temp_1.2,A9,2,0.6038345043266131,0.8970588235294118,1.0,0.8,1.2
lambda_1.0_clip_0.8_temp_1.2,Sequential,3,0.6044662132626966,0.8970588235294118,1.0,0.8,1.2
lambda_1.0_clip_0.8_temp_1.2,A10,4,0.6048115090627795,0.8970588235294118,1.0,0.8,1.2
lambda_1.0_clip_0.8_temp_1.2,A7,5,0.606045485402017,0.8970588235294118,1.0,0.8,1.2
lambda_1.0_clip_0.8_temp_1.2,A6,6,0.6079655708813851,0.8970588235294118,1.0,0.8,1.2
lambda_1.0_clip_0.8_temp_1.2,Reflexion,7,0.608239418358217,0.8970588235294118,1.0,0.8,1.2
lambda_1.0_clip_0.8_temp_1.2,A8,8,0.6101181633871834,0.8970588235294118,1.0,0.8,1.2
lambda_1.0_clip_0.8_temp_1.2,RAG-Monolithic,9,0.6124137556143826,0.8970588235294118,1.0,0.8,1.2
lambda_1.0_clip_0.8_temp_1.2,Monolithic,10,0.6138848833289355,0.8970588235294118,1.0,0.8,1.2
lambda_1.0_clip_0.8_temp_1.2,A5,11,0.6143551636735413,0.8970588235294118,1.0,0.8,1.2
lambda_1.0_clip_0.8_temp_1.2,Debate,12,0.6165682504775677,0.8970588235294118,1.0,0.8,1.2
lambda_1.0_clip_0.8_temp_1.2,A4,13,0.6186568322431811,0.8970588235294118,1.0,0.8,1.2
lambda_1.0_clip_0.8_temp_1.2,A3,14,0.6245789044923942,0.8970588235294118,1.0,0.8,1.2
lambda_1.0_clip_0.8_temp_1.2,A2,15,0.6265707815100952,0.8970588235294118,1.0,0.8,1.2
lambda_1.0_clip_0.8_temp_1.2,A1,16,0.6297933996329793,0.8970588235294118,1.0,0.8,1.2
lambda_1.0_clip_0.8_temp_1.2,Multi-Agent (A0 full),17,0.6393952832262955,0.8970588235294118,1.0,0.8,1.2
lambda_1.0_clip_0.8_temp_1.5,A11,1,0.6188664899816971,0.9117647058823529,1.0,0.8,1.5
lambda_1.0_clip_0.8_temp_1.5,A9,2,0.620120018423064,0.9117647058823529,1.0,0.8,1.5
lambda_1.0_clip_0.8_temp_1.5,Sequential,3,0.6209089842322472,0.9117647058823529,1.0,0.8,1.5
lambda_1.0_clip_0.8_temp_1.5,A10,4,0.6211299720003107,0.9117647058823529,1.0,0.8,1.5
lambda_1.0_clip_0.8_temp_1.5,A7,5,0.6220026014383644,0.9117647058823529,1.0,0.8,1.5
lambda_1.0_clip_0.8_temp_1.5,A6,6,0.6237103051255442,0.9117647058823529,1.0,0.8,1.5
lambda_1.0_clip_0.8_temp_1.5,Reflexion,7,0.6242092333035882,0.9117647058823529,1.0,0.8,1.5
lambda_1.0_clip_0.8_temp_1.5,A8,8,0.6259897468795558,0.9117647058823529,1.0,0.8,1.5
lambda_1.0_clip_0.8_temp_1.5,RAG-Monolithic,9,0.6280284808177501,0.9117647058823529,1.0,0.8,1.5
lambda_1.0_clip_0.8_temp_1.5,A5,10,0.6297300857240792,0.9117647058823529,1.0,0.8,1.5
lambda_1.0_clip_0.8_temp_1.5,Monolithic,11,0.6303084186685001,0.9117647058823529,1.0,0.8,1.5
lambda_1.0_clip_0.8_temp_1.5,Debate,12,0.6317673685000752,0.9117647058823529,1.0,0.8,1.5
lambda_1.0_clip_0.8_temp_1.5,A4,13,0.633666657991622,0.9117647058823529,1.0,0.8,1.5
lambda_1.0_clip_0.8_temp_1.5,A3,14,0.6390605049639134,0.9117647058823529,1.0,0.8,1.5
lambda_1.0_clip_0.8_temp_1.5,A2,15,0.6409444416277683,0.9117647058823529,1.0,0.8,1.5
lambda_1.0_clip_0.8_temp_1.5,A1,16,0.643836571853259,0.9117647058823529,1.0,0.8,1.5
lambda_1.0_clip_0.8_temp_1.5,Multi-Agent (A0 full),17,0.6525569610292066,0.9117647058823529,1.0,0.8,1.5
lambda_1.0_clip_1.0_temp_0.8,A11,1,0.566031545526282,0.8676470588235293,1.0,1.0,0.8
lambda_1.0_clip_1.0_temp_0.8,A9,2,0.5678174496284851,0.8676470588235293,1.0,1.0,0.8
lambda_1.0_clip_1.0_temp_0.8,Sequential,3,0.5680623776640499,0.8676470588235293,1.0,1.0,0.8
lambda_1.0_clip_1.0_temp_0.8,A10,4,0.5686252663920838,0.8676470588235293,1.0,1.0,0.8
lambda_1.0_clip_1.0_temp_0.8,A7,5,0.57085339536334,0.8676470588235293,1.0,1.0,0.8
lambda_1.0_clip_1.0_temp_0.8,Reflexion,6,0.5730443379978786,0.8676470588235293,1.0,1.0,0.8
lambda_1.0_clip_1.0_temp_0.8,A6,7,0.5732301813706171,0.8676470588235293,1.0,1.0,0.8
lambda_1.0_clip_1.0_temp_0.8,A8,8,0.5751284052723026,0.8676470588235293,1.0,1.0,0.8
lambda_1.0_clip_1.0_temp_0.8,Monolithic,9,0.5778850083071043,0.8676470588235293,1.0,1.0,0.8
lambda_1.0_clip_1.0_temp_0.8,RAG-Monolithic,10,0.5781496512565958,0.8676470588235293,1.0,1.0,0.8
lambda_1.0_clip_1.0_temp_0.8,A5,11,0.5805526157487274,0.8676470588235293,1.0,1.0,0.8
lambda_1.0_clip_1.0_temp_0.8,Debate,12,0.5832712163714652,0.8676470588235293,1.0,1.0,0.8
lambda_1.0_clip_1.0_temp_0.8,A4,13,0.5858222492366887,0.8676470588235293,1.0,1.0,0.8
lambda_1.0_clip_1.0_temp_0.8,A3,14,0.5930259263619931,0.8676470588235293,1.0,1.0,0.8
lambda_1.0_clip_1.0_temp_0.8,A2,15,0.5953545013233915,0.8676470588235293,1.0,1.0,0.8
lambda_1.0_clip_1.0_temp_0.8,A1,16,0.5994048690676987,0.8676470588235293,1.0,1.0,0.8
lambda_1.0_clip_1.0_temp_0.8,Multi-Agent (A0 full),17,0.6111018314170489,0.8676470588235293,1.0,1.0,0.8
lambda_1.0_clip_1.0_temp_1.0,A11,1,0.587052548560339,0.8970588235294118,1.0,1.0,1.0
lambda_1.0_clip_1.0_temp_1.0,A9,2,0.5885963523436973,0.8970588235294118,1.0,1.0,1.0
lambda_1.0_clip_1.0_temp_1.0,Sequential,3,0.5890712903958987,0.8970588235294118,1.0,1.0,1.0
lambda_1.0_clip_1.0_temp_1.0,A10,4,0.5895189071613679,0.8970588235294118,1.0,1.0,1.0
lambda_1.0_clip_1.0_temp_1.0,A7,5,0.5911374613597483,0.8970588235294118,1.0,1.0,1.0
lambda_1.0_clip_1.0_temp_1.0,A6,6,0.5932531026098016,0.8970588235294118,1.0,1.0,1.0
lambda_1.0_clip_1.0_temp_1.0,Reflexion,7,0.5933250897759427,0.8970588235294118,1.0,1.0,1.0
lambda_1.0_clip_1.0_temp_1.0,A8,8,0.5952924701442291,0.8970588235294118,1.0,1.0,1.0
lambda_1.0_clip_1.0_temp_1.0,RAG-Monolithic,9,0.5978658637264923,0.8970588235294118,1.0,1.0,1.0
lambda_1.0_clip_1.0_temp_1.0,Monolithic,10,0.5985933090327317,0.8970588235294118,1.0,1.0,1.0
lambda_1.0_clip_1.0_temp_1.0,A5,11,0.6000153513975702,0.8970588235294118,1.0,1.0,1.0
lambda_1.0_clip_1.0_temp_1.0,Debate,12,0.6024200088420059,0.8970588235294118,1.0,1.0,1.0
lambda_1.0_clip_1.0_temp_1.0,A4,13,0.604696125443909,0.8970588235294118,1.0,1.0,1.0
lambda_1.0_clip_1.0_temp_1.0,A3,14,0.6111382226122246,0.8970588235294118,1.0,1.0,1.0
lambda_1.0_clip_1.0_temp_1.0,A2,15,0.6132542028944217,0.8970588235294118,1.0,1.0,1.0
lambda_1.0_clip_1.0_temp_1.0,A1,16,0.616809952883672,0.8970588235294118,1.0,1.0,1.0
lambda_1.0_clip_1.0_temp_1.0,Multi-Agent (A0 full),17,0.6272700565357444,0.8970588235294118,1.0,1.0,1.0
lambda_1.0_clip_1.0_temp_1.2,A11,1,0.6024412443904577,0.8970588235294118,1.0,1.0,1.2
lambda_1.0_clip_1.0_temp_1.2,A9,2,0.6038345043266131,0.8970588235294118,1.0,1.0,1.2
lambda_1.0_clip_1.0_temp_1.2,Sequential,3,0.6044662132626966,0.8970588235294118,1.0,1.0,1.2
lambda_1.0_clip_1.0_temp_1.2,A10,4,0.6048115090627795,0.8970588235294118,1.0,1.0,1.2
lambda_1.0_clip_1.0_temp_1.2,A7,5,0.606045485402017,0.8970588235294118,1.0,1.0,1.2
lambda_1.0_clip_1.0_temp_1.2,A6,6,0.6079655708813851,0.8970588235294118,1.0,1.0,1.2
lambda_1.0_clip_1.0_temp_1.2,Reflexion,7,0.608239418358217,0.8970588235294118,1.0,1.0,1.2
lambda_1.0_clip_1.0_temp_1.2,A8,8,0.6101181633871834,0.8970588235294118,1.0,1.0,1.2
lambda_1.0_clip_1.0_temp_1.2,RAG-Monolithic,9,0.6124137556143826,0.8970588235294118,1.0,1.0,1.2
lambda_1.0_clip_1.0_temp_1.2,Monolithic,10,0.6138848833289355,0.8970588235294118,1.0,1.0,1.2
lambda_1.0_clip_1.0_temp_1.2,A5,11,0.6143551636735413,0.8970588235294118,1.0,1.0,1.2
lambda_1.0_clip_1.0_temp_1.2,Debate,12,0.6165682504775677,0.8970588235294118,1.0,1.0,1.2
lambda_1.0_clip_1.0_temp_1.2,A4,13,0.6186568322431811,0.8970588235294118,1.0,1.0,1.2
lambda_1.0_clip_1.0_temp_1.2,A3,14,0.6245789044923942,0.8970588235294118,1.0,1.0,1.2
lambda_1.0_clip_1.0_temp_1.2,A2,15,0.6265707815100952,0.8970588235294118,1.0,1.0,1.2
lambda_1.0_clip_1.0_temp_1.2,A1,16,0.6297933996329793,0.8970588235294118,1.0,1.0,1.2
lambda_1.0_clip_1.0_temp_1.2,Multi-Agent (A0 full),17,0.6393952832262955,0.8970588235294118,1.0,1.0,1.2
lambda_1.0_clip_1.0_temp_1.5,A11,1,0.6188664899816971,0.9117647058823529,1.0,1.0,1.5
lambda_1.0_clip_1.0_temp_1.5,A9,2,0.620120018423064,0.9117647058823529,1.0,1.0,1.5
lambda_1.0_clip_1.0_temp_1.5,Sequential,3,0.6209089842322472,0.9117647058823529,1.0,1.0,1.5
lambda_1.0_clip_1.0_temp_1.5,A10,4,0.6211299720003107,0.9117647058823529,1.0,1.0,1.5
lambda_1.0_clip_1.0_temp_1.5,A7,5,0.6220026014383644,0.9117647058823529,1.0,1.0,1.5
lambda_1.0_clip_1.0_temp_1.5,A6,6,0.6237103051255442,0.9117647058823529,1.0,1.0,1.5
lambda_1.0_clip_1.0_temp_1.5,Reflexion,7,0.6242092333035882,0.9117647058823529,1.0,1.0,1.5
lambda_1.0_clip_1.0_temp_1.5,A8,8,0.6259897468795558,0.9117647058823529,1.0,1.0,1.5
lambda_1.0_clip_1.0_temp_1.5,RAG-Monolithic,9,0.6280284808177501,0.9117647058823529,1.0,1.0,1.5
lambda_1.0_clip_1.0_temp_1.5,A5,10,0.6297300857240792,0.9117647058823529,1.0,1.0,1.5
lambda_1.0_clip_1.0_temp_1.5,Monolithic,11,0.6303084186685001,0.9117647058823529,1.0,1.0,1.5
lambda_1.0_clip_1.0_temp_1.5,Debate,12,0.6317673685000752,0.9117647058823529,1.0,1.0,1.5
lambda_1.0_clip_1.0_temp_1.5,A4,13,0.633666657991622,0.9117647058823529,1.0,1.0,1.5
lambda_1.0_clip_1.0_temp_1.5,A3,14,0.6390605049639134,0.9117647058823529,1.0,1.0,1.5
lambda_1.0_clip_1.0_temp_1.5,A2,15,0.6409444416277683,0.9117647058823529,1.0,1.0,1.5
lambda_1.0_clip_1.0_temp_1.5,A1,16,0.643836571853259,0.9117647058823529,1.0,1.0,1.5
lambda_1.0_clip_1.0_temp_1.5,Multi-Agent (A0 full),17,0.6525569610292066,0.9117647058823529,1.0,1.0,1.5
lambda_1.0_clip_1.2_temp_0.8,A11,1,0.566031545526282,0.8676470588235293,1.0,1.2,0.8
lambda_1.0_clip_1.2_temp_0.8,A9,2,0.5678174496284851,0.8676470588235293,1.0,1.2,0.8
lambda_1.0_clip_1.2_temp_0.8,Sequential,3,0.5680623776640499,0.8676470588235293,1.0,1.2,0.8
lambda_1.0_clip_1.2_temp_0.8,A10,4,0.5686252663920838,0.8676470588235293,1.0,1.2,0.8
lambda_1.0_clip_1.2_temp_0.8,A7,5,0.57085339536334,0.8676470588235293,1.0,1.2,0.8
lambda_1.0_clip_1.2_temp_0.8,Reflexion,6,0.5730443379978786,0.8676470588235293,1.0,1.2,0.8
lambda_1.0_clip_1.2_temp_0.8,A6,7,0.5732301813706171,0.8676470588235293,1.0,1.2,0.8
lambda_1.0_clip_1.2_temp_0.8,A8,8,0.5751284052723026,0.8676470588235293,1.0,1.2,0.8
lambda_1.0_clip_1.2_temp_0.8,Monolithic,9,0.5778850083071043,0.8676470588235293,1.0,1.2,0.8
lambda_1.0_clip_1.2_temp_0.8,RAG-Monolithic,10,0.5781496512565958,0.8676470588235293,1.0,1.2,0.8
lambda_1.0_clip_1.2_temp_0.8,A5,11,0.5805526157487274,0.8676470588235293,1.0,1.2,0.8
lambda_1.0_clip_1.2_temp_0.8,Debate,12,0.5832712163714652,0.8676470588235293,1.0,1.2,0.8
lambda_1.0_clip_1.2_temp_0.8,A4,13,0.5858222492366887,0.8676470588235293,1.0,1.2,0.8
lambda_1.0_clip_1.2_temp_0.8,A3,14,0.5930259263619931,0.8676470588235293,1.0,1.2,0.8
lambda_1.0_clip_1.2_temp_0.8,A2,15,0.5953545013233915,0.8676470588235293,1.0,1.2,0.8
lambda_1.0_clip_1.2_temp_0.8,A1,16,0.5994048690676987,0.8676470588235293,1.0,1.2,0.8
lambda_1.0_clip_1.2_temp_0.8,Multi-Agent (A0 full),17,0.6111018314170489,0.8676470588235293,1.0,1.2,0.8
lambda_1.0_clip_1.2_temp_1.0,A11,1,0.587052548560339,0.8970588235294118,1.0,1.2,1.0
lambda_1.0_clip_1.2_temp_1.0,A9,2,0.5885963523436973,0.8970588235294118,1.0,1.2,1.0
lambda_1.0_clip_1.2_temp_1.0,Sequential,3,0.5890712903958987,0.8970588235294118,1.0,1.2,1.0
lambda_1.0_clip_1.2_temp_1.0,A10,4,0.5895189071613679,0.8970588235294118,1.0,1.2,1.0
lambda_1.0_clip_1.2_temp_1.0,A7,5,0.5911374613597483,0.8970588235294118,1.0,1.2,1.0
lambda_1.0_clip_1.2_temp_1.0,A6,6,0.5932531026098016,0.8970588235294118,1.0,1.2,1.0
lambda_1.0_clip_1.2_temp_1.0,Reflexion,7,0.5933250897759427,0.8970588235294118,1.0,1.2,1.0
lambda_1.0_clip_1.2_temp_1.0,A8,8,0.5952924701442291,0.8970588235294118,1.0,1.2,1.0
lambda_1.0_clip_1.2_temp_1.0,RAG-Monolithic,9,0.5978658637264923,0.8970588235294118,1.0,1.2,1.0
lambda_1.0_clip_1.2_temp_1.0,Monolithic,10,0.5985933090327317,0.8970588235294118,1.0,1.2,1.0
lambda_1.0_clip_1.2_temp_1.0,A5,11,0.6000153513975702,0.8970588235294118,1.0,1.2,1.0
lambda_1.0_clip_1.2_temp_1.0,Debate,12,0.6024200088420059,0.8970588235294118,1.0,1.2,1.0
lambda_1.0_clip_1.2_temp_1.0,A4,13,0.604696125443909,0.8970588235294118,1.0,1.2,1.0
lambda_1.0_clip_1.2_temp_1.0,A3,14,0.6111382226122246,0.8970588235294118,1.0,1.2,1.0
lambda_1.0_clip_1.2_temp_1.0,A2,15,0.6132542028944217,0.8970588235294118,1.0,1.2,1.0
lambda_1.0_clip_1.2_temp_1.0,A1,16,0.616809952883672,0.8970588235294118,1.0,1.2,1.0
lambda_1.0_clip_1.2_temp_1.0,Multi-Agent (A0 full),17,0.6272700565357444,0.8970588235294118,1.0,1.2,1.0
lambda_1.0_clip_1.2_temp_1.2,A11,1,0.6024412443904577,0.8970588235294118,1.0,1.2,1.2
lambda_1.0_clip_1.2_temp_1.2,A9,2,0.6038345043266131,0.8970588235294118,1.0,1.2,1.2
lambda_1.0_clip_1.2_temp_1.2,Sequential,3,0.6044662132626966,0.8970588235294118,1.0,1.2,1.2
lambda_1.0_clip_1.2_temp_1.2,A10,4,0.6048115090627795,0.8970588235294118,1.0,1.2,1.2
lambda_1.0_clip_1.2_temp_1.2,A7,5,0.606045485402017,0.8970588235294118,1.0,1.2,1.2
lambda_1.0_clip_1.2_temp_1.2,A6,6,0.6079655708813851,0.8970588235294118,1.0,1.2,1.2
lambda_1.0_clip_1.2_temp_1.2,Reflexion,7,0.608239418358217,0.8970588235294118,1.0,1.2,1.2
lambda_1.0_clip_1.2_temp_1.2,A8,8,0.6101181633871834,0.8970588235294118,1.0,1.2,1.2
lambda_1.0_clip_1.2_temp_1.2,RAG-Monolithic,9,0.6124137556143826,0.8970588235294118,1.0,1.2,1.2
lambda_1.0_clip_1.2_temp_1.2,Monolithic,10,0.6138848833289355,0.8970588235294118,1.0,1.2,1.2
lambda_1.0_clip_1.2_temp_1.2,A5,11,0.6143551636735413,0.8970588235294118,1.0,1.2,1.2
lambda_1.0_clip_1.2_temp_1.2,Debate,12,0.6165682504775677,0.8970588235294118,1.0,1.2,1.2
lambda_1.0_clip_1.2_temp_1.2,A4,13,0.6186568322431811,0.8970588235294118,1.0,1.2,1.2
lambda_1.0_clip_1.2_temp_1.2,A3,14,0.6245789044923942,0.8970588235294118,1.0,1.2,1.2
lambda_1.0_clip_1.2_temp_1.2,A2,15,0.6265707815100952,0.8970588235294118,1.0,1.2,1.2
lambda_1.0_clip_1.2_temp_1.2,A1,16,0.6297933996329793,0.8970588235294118,1.0,1.2,1.2
lambda_1.0_clip_1.2_temp_1.2,Multi-Agent (A0 full),17,0.6393952832262955,0.8970588235294118,1.0,1.2,1.2
lambda_1.0_clip_1.2_temp_1.5,A11,1,0.6188664899816971,0.9117647058823529,1.0,1.2,1.5
lambda_1.0_clip_1.2_temp_1.5,A9,2,0.620120018423064,0.9117647058823529,1.0,1.2,1.5
lambda_1.0_clip_1.2_temp_1.5,Sequential,3,0.6209089842322472,0.9117647058823529,1.0,1.2,1.5
lambda_1.0_clip_1.2_temp_1.5,A10,4,0.6211299720003107,0.9117647058823529,1.0,1.2,1.5
lambda_1.0_clip_1.2_temp_1.5,A7,5,0.6220026014383644,0.9117647058823529,1.0,1.2,1.5
lambda_1.0_clip_1.2_temp_1.5,A6,6,0.6237103051255442,0.9117647058823529,1.0,1.2,1.5
lambda_1.0_clip_1.2_temp_1.5,Reflexion,7,0.6242092333035882,0.9117647058823529,1.0,1.2,1.5
lambda_1.0_clip_1.2_temp_1.5,A8,8,0.6259897468795558,0.9117647058823529,1.0,1.2,1.5
lambda_1.0_clip_1.2_temp_1.5,RAG-Monolithic,9,0.6280284808177501,0.9117647058823529,1.0,1.2,1.5
lambda_1.0_clip_1.2_temp_1.5,A5,10,0.6297300857240792,0.9117647058823529,1.0,1.2,1.5
lambda_1.0_clip_1.2_temp_1.5,Monolithic,11,0.6303084186685001,0.9117647058823529,1.0,1.2,1.5
lambda_1.0_clip_1.2_temp_1.5,Debate,12,0.6317673685000752,0.9117647058823529,1.0,1.2,1.5
lambda_1.0_clip_1.2_temp_1.5,A4,13,0.633666657991622,0.9117647058823529,1.0,1.2,1.5
lambda_1.0_clip_1.2_temp_1.5,A3,14,0.6390605049639134,0.9117647058823529,1.0,1.2,1.5
lambda_1.0_clip_1.2_temp_1.5,A2,15,0.6409444416277683,0.9117647058823529,1.0,1.2,1.5
lambda_1.0_clip_1.2_temp_1.5,A1,16,0.643836571853259,0.9117647058823529,1.0,1.2,1.5
lambda_1.0_clip_1.2_temp_1.5,Multi-Agent (A0 full),17,0.6525569610292066,0.9117647058823529,1.0,1.2,1.5
lambda_2.0_clip_0.8_temp_0.8,A11,1,0.9401477177696564,0.8235294117647057,2.0,0.8,0.8
lambda_2.0_clip_0.8_temp_0.8,Sequential,2,0.9420131684892562,0.8235294117647057,2.0,0.8,0.8
lambda_2.0_clip_0.8_temp_0.8,A9,3,0.9429265895192235,0.8235294117647057,2.0,0.8,0.8
lambda_2.0_clip_0.8_temp_0.8,A10,4,0.943595457575967,0.8235294117647057,2.0,0.8,0.8
lambda_2.0_clip_0.8_temp_0.8,A7,5,0.9484026517823171,0.8235294117647057,2.0,0.8,0.8
lambda_2.0_clip_0.8_temp_0.8,Reflexion,6,0.9504823677085438,0.8235294117647057,2.0,0.8,0.8
lambda_2.0_clip_0.8_temp_0.8,Monolithic,7,0.9516468212043655,0.8235294117647057,2.0,0.8,0.8
lambda_2.0_clip_0.8_temp_0.8,A6,8,0.9524267552522399,0.8235294117647057,2.0,0.8,0.8
lambda_2.0_clip_0.8_temp_0.8,A8,9,0.9533441772720497,0.8235294117647057,2.0,0.8,0.8
lambda_2.0_clip_0.8_temp_0.8,RAG-Monolithic,10,0.9581789201777913,0.8235294117647057,2.0,0.8,0.8
lambda_2.0_clip_0.8_temp_0.8,A5,11,0.9624907670200475,0.8235294117647057,2.0,0.8,0.8
lambda_2.0_clip_0.8_temp_0.8,Debate,12,0.9664591993796812,0.8235294117647057,2.0,0.8,0.8
lambda_2.0_clip_0.8_temp_0.8,A4,13,0.9704231595243371,0.8235294117647057,2.0,0.8,0.8
lambda_2.0_clip_0.8_temp_0.8,A3,14,0.9815991811872833,0.8235294117647057,2.0,0.8,0.8
lambda_2.0_clip_0.8_temp_0.8,A2,15,0.9846645369876658,0.8235294117647057,2.0,0.8,0.8
lambda_2.0_clip_0.8_temp_0.8,A1,16,0.9911325335743196,0.8235294117647057,2.0,0.8,0.8
lambda_2.0_clip_0.8_temp_0.8,Multi-Agent (A0 full),17,1.0094807645742512,0.8235294117647057,2.0,0.8,0.8
lambda_2.0_clip_0.8_temp_1.0,A11,1,0.9821897238377706,0.8382352941176471,2.0,0.8,1.0
lambda_2.0_clip_0.8_temp_1.0,Sequential,2,0.9840309939529538,0.8382352941176471,2.0,0.8,1.0
lambda_2.0_clip_0.8_temp_1.0,A9,3,0.9844843949496479,0.8382352941176471,2.0,0.8,1.0
lambda_2.0_clip_0.8_temp_1.0,A10,4,0.9853827391145352,0.8382352941176471,2.0,0.8,1.0
lambda_2.0_clip_0.8_temp_1.0,A7,5,0.9889707837751337,0.8382352941176471,2.0,0.8,1.0
lambda_2.0_clip_0.8_temp_1.0,Reflexion,6,0.9910438712646721,0.8382352941176471,2.0,0.8,1.0
lambda_2.0_clip_0.8_temp_1.0,A6,7,0.9924725977306089,0.8382352941176471,2.0,0.8,1.0
lambda_2.0_clip_0.8_temp_1.0,Monolithic,8,0.9930634226556203,0.8382352941176471,2.0,0.8,1.0
lambda_2.0_clip_0.8_temp_1.0,A8,9,0.9936723070159029,0.8382352941176471,2.0,0.8,1.0
lambda_2.0_clip_0.8_temp_1.0,RAG-Monolithic,10,0.9976113451175841,0.8382352941176471,2.0,0.8,1.0
lambda_2.0_clip_0.8_temp_1.0,A5,11,1.0014162383177332,0.8382352941176471,2.0,0.8,1.0
lambda_2.0_clip_0.8_temp_1.0,Debate,12,1.0047567843207625,0.8382352941176471,2.0,0.8,1.0
lambda_2.0_clip_0.8_temp_1.0,A4,13,1.0081709119387778,0.8382352941176471,2.0,0.8,1.0
lambda_2.0_clip_0.8_temp_1.0,A3,14,1.0178237736877462,0.8382352941176471,2.0,0.8,1.0
lambda_2.0_clip_0.8_temp_1.0,A2,15,1.0204639401297262,0.8382352941176471,2.0,0.8,1.0
lambda_2.0_clip_0.8_temp_1.0,A1,16,1.0259427012062663,0.8382352941176471,2.0,0.8,1.0
lambda_2.0_clip_0.8_temp_1.0,Multi-Agent (A0 full),17,1.041817214811642,0.8382352941176471,2.0,0.8,1.0
lambda_2.0_clip_0.8_temp_1.2,A11,1,1.0129671154980076,0.8529411764705882,2.0,0.8,1.2
lambda_2.0_clip_0.8_temp_1.2,Sequential,2,1.0148208396865495,0.8529411764705882,2.0,0.8,1.2
lambda_2.0_clip_0.8_temp_1.2,A9,3,1.0149606989154794,0.8529411764705882,2.0,0.8,1.2
lambda_2.0_clip_0.8_temp_1.2,A10,4,1.0159679429173585,0.8529411764705882,2.0,0.8,1.2
lambda_2.0_clip_0.8_temp_1.2,A7,5,1.018786831859671,0.8529411764705882,2.0,0.8,1.2
lambda_2.0_clip_0.8_temp_1.2,Reflexion,6,1.020872528429221,0.8529411764705882,2.0,0.8,1.2
lambda_2.0_clip_0.8_temp_1.2,A6,7,1.0218975342737762,0.8529411764705882,2.0,0.8,1.2
lambda_2.0_clip_0.8_temp_1.2,A8,8,1.0233236935018113,0.8529411764705882,2.0,0.8,1.2
lambda_2.0_clip_0.8_temp_1.2,Monolithic,9,1.023646571248028,0.8529411764705882,2.0,0.8,1.2
lambda_2.0_clip_0.8_temp_1.2,RAG-Monolithic,10,1.026707128893365,0.8529411764705882,2.0,0.8,1.2
lambda_2.0_clip_0.8_temp_1.2,A5,11,1.0300958628696752,0.8529411764705882,2.0,0.8,1.2
lambda_2.0_clip_0.8_temp_1.2,Debate,12,1.0330532675918862,0.8529411764705882,2.0,0.8,1.2
lambda_2.0_clip_0.8_temp_1.2,A4,13,1.0360923255373222,0.8529411764705882,2.0,0.8,1.2
lambda_2.0_clip_0.8_temp_1.2,A3,14,1.0447051374480851,0.8529411764705882,2.0,0.8,1.2
lambda_2.0_clip_0.8_temp_1.2,A2,15,1.0470970973610731,0.8529411764705882,2.0,0.8,1.2
lambda_2.0_clip_0.8_temp_1.2,A1,16,1.0519095947048809,0.8529411764705882,2.0,0.8,1.2
lambda_2.0_clip_0.8_temp_1.2,Multi-Agent (A0 full),17,1.0660676681927443,0.8529411764705882,2.0,0.8,1.2
lambda_2.0_clip_0.8_temp_1.5,A11,1,1.0458176066804867,0.8676470588235293,2.0,0.8,1.5
lambda_2.0_clip_0.8_temp_1.5,A9,2,1.0475317271083813,0.8676470588235293,2.0,0.8,1.5
lambda_2.0_clip_0.8_temp_1.5,Sequential,3,1.0477063816256507,0.8676470588235293,2.0,0.8,1.5
lambda_2.0_clip_0.8_temp_1.5,A10,4,1.048604868792421,0.8676470588235293,2.0,0.8,1.5
lambda_2.0_clip_0.8_temp_1.5,A7,5,1.0507010639323657,0.8676470588235293,2.0,0.8,1.5
lambda_2.0_clip_0.8_temp_1.5,Reflexion,6,1.0528121583199632,0.8676470588235293,2.0,0.8,1.5
lambda_2.0_clip_0.8_temp_1.5,A6,7,1.053387002762094,0.8676470588235293,2.0,0.8,1.5
lambda_2.0_clip_0.8_temp_1.5,A8,8,1.0550668604865558,0.8676470588235293,2.0,0.8,1.5
lambda_2.0_clip_0.8_temp_1.5,Monolithic,9,1.0564936419271571,0.8676470588235293,2.0,0.8,1.5
lambda_2.0_clip_0.8_temp_1.5,RAG-Monolithic,10,1.0579365793000997,0.8676470588235293,2.0,0.8,1.5
lambda_2.0_clip_0.8_temp_1.5,A5,11,1.0608457069707509,0.8676470588235293,2.0,0.8,1.5
lambda_2.0_clip_0.8_temp_1.5,Debate,12,1.0634515036369012,0.8676470588235293,2.0,0.8,1.5
lambda_2.0_clip_0.8_temp_1.5,A4,13,1.0661119770342038,0.8676470588235293,2.0,0.8,1.5
lambda_2.0_clip_0.8_temp_1.5,A3,14,1.0736683383911239,0.8676470588235293,2.0,0.8,1.5
lambda_2.0_clip_0.8_temp_1.5,A2,15,1.0758444175964192,0.8676470588235293,2.0,0.8,1.5
lambda_2.0_clip_0.8_temp_1.5,A1,16,1.0799959391454401,0.8676470588235293,2.0,0.8,1.5
lambda_2.0_clip_0.8_temp_1.5,Multi-Agent (A0 full),17,1.0923910237985666,0.8676470588235293,2.0,0.8,1.5
lambda_2.0_clip_1.0_temp_0.8,A11,1,0.9401477177696564,0.8235294117647057,2.0,1.0,0.8
lambda_2.0_clip_1.0_temp_0.8,Sequential,2,0.9420131684892562,0.8235294117647057,2.0,1.0,0.8
lambda_2.0_clip_1.0_temp_0.8,A9,3,0.9429265895192235,0.8235294117647057,2.0,1.0,0.8
lambda_2.0_clip_1.0_temp_0.8,A10,4,0.943595457575967,0.8235294117647057,2.0,1.0,0.8
lambda_2.0_clip_1.0_temp_0.8,A7,5,0.9484026517823171,0.8235294117647057,2.0,1.0,0.8
lambda_2.0_clip_1.0_temp_0.8,Reflexion,6,0.9504823677085438,0.8235294117647057,2.0,1.0,0.8
lambda_2.0_clip_1.0_temp_0.8,Monolithic,7,0.9516468212043655,0.8235294117647057,2.0,1.0,0.8
lambda_2.0_clip_1.0_temp_0.8,A6,8,0.9524267552522399,0.8235294117647057,2.0,1.0,0.8
lambda_2.0_clip_1.0_temp_0.8,A8,9,0.9533441772720497,0.8235294117647057,2.0,1.0,0.8
lambda_2.0_clip_1.0_temp_0.8,RAG-Monolithic,10,0.9581789201777913,0.8235294117647057,2.0,1.0,0.8
lambda_2.0_clip_1.0_temp_0.8,A5,11,0.9624907670200475,0.8235294117647057,2.0,1.0,0.8
lambda_2.0_clip_1.0_temp_0.8,Debate,12,0.9664591993796812,0.8235294117647057,2.0,1.0,0.8
lambda_2.0_clip_1.0_temp_0.8,A4,13,0.9704231595243371,0.8235294117647057,2.0,1.0,0.8
lambda_2.0_clip_1.0_temp_0.8,A3,14,0.9815991811872833,0.8235294117647057,2.0,1.0,0.8
lambda_2.0_clip_1.0_temp_0.8,A2,15,0.9846645369876658,0.8235294117647057,2.0,1.0,0.8
lambda_2.0_clip_1.0_temp_0.8,A1,16,0.9911325335743196,0.8235294117647057,2.0,1.0,0.8
lambda_2.0_clip_1.0_temp_0.8,Multi-Agent (A0 full),17,1.0094807645742512,0.8235294117647057,2.0,1.0,0.8
lambda_2.0_clip_1.0_temp_1.0,A11,1,0.9821897238377706,0.8382352941176471,2.0,1.0,1.0
lambda_2.0_clip_1.0_temp_1.0,Sequential,2,0.9840309939529538,0.8382352941176471,2.0,1.0,1.0
lambda_2.0_clip_1.0_temp_1.0,A9,3,0.9844843949496479,0.8382352941176471,2.0,1.0,1.0
lambda_2.0_clip_1.0_temp_1.0,A10,4,0.9853827391145352,0.8382352941176471,2.0,1.0,1.0
lambda_2.0_clip_1.0_temp_1.0,A7,5,0.9889707837751337,0.8382352941176471,2.0,1.0,1.0
lambda_2.0_clip_1.0_temp_1.0,Reflexion,6,0.9910438712646721,0.8382352941176471,2.0,1.0,1.0
lambda_2.0_clip_1.0_temp_1.0,A6,7,0.9924725977306089,0.8382352941176471,2.0,1.0,1.0
lambda_2.0_clip_1.0_temp_1.0,Monolithic,8,0.9930634226556203,0.8382352941176471,2.0,1.0,1.0
lambda_2.0_clip_1.0_temp_1.0,A8,9,0.9936723070159029,0.8382352941176471,2.0,1.0,1.0
lambda_2.0_clip_1.0_temp_1.0,RAG-Monolithic,10,0.9976113451175841,0.8382352941176471,2.0,1.0,1.0
lambda_2.0_clip_1.0_temp_1.0,A5,11,1.0014162383177332,0.8382352941176471,2.0,1.0,1.0
lambda_2.0_clip_1.0_temp_1.0,Debate,12,1.0047567843207625,0.8382352941176471,2.0,1.0,1.0
lambda_2.0_clip_1.0_temp_1.0,A4,13,1.0081709119387778,0.8382352941176471,2.0,1.0,1.0
lambda_2.0_clip_1.0_temp_1.0,A3,14,1.0178237736877462,0.8382352941176471,2.0,1.0,1.0
lambda_2.0_clip_1.0_temp_1.0,A2,15,1.0204639401297262,0.8382352941176471,2.0,1.0,1.0
lambda_2.0_clip_1.0_temp_1.0,A1,16,1.0259427012062663,0.8382352941176471,2.0,1.0,1.0
lambda_2.0_clip_1.0_temp_1.0,Multi-Agent (A0 full),17,1.041817214811642,0.8382352941176471,2.0,1.0,1.0
lambda_2.0_clip_1.0_temp_1.2,A11,1,1.0129671154980076,0.8529411764705882,2.0,1.0,1.2
lambda_2.0_clip_1.0_temp_1.2,Sequential,2,1.0148208396865495,0.8529411764705882,2.0,1.0,1.2
lambda_2.0_clip_1.0_temp_1.2,A9,3,1.0149606989154794,0.8529411764705882,2.0,1.0,1.2
lambda_2.0_clip_1.0_temp_1.2,A10,4,1.0159679429173585,0.8529411764705882,2.0,1.0,1.2
lambda_2.0_clip_1.0_temp_1.2,A7,5,1.018786831859671,0.8529411764705882,2.0,1.0,1.2
lambda_2.0_clip_1.0_temp_1.2,Reflexion,6,1.020872528429221,0.8529411764705882,2.0,1.0,1.2
lambda_2.0_clip_1.0_temp_1.2,A6,7,1.0218975342737762,0.8529411764705882,2.0,1.0,1.2
lambda_2.0_clip_1.0_temp_1.2,A8,8,1.0233236935018113,0.8529411764705882,2.0,1.0,1.2
lambda_2.0_clip_1.0_temp_1.2,Monolithic,9,1.023646571248028,0.8529411764705882,2.0,1.0,1.2
lambda_2.0_clip_1.0_temp_1.2,RAG-Monolithic,10,1.026707128893365,0.8529411764705882,2.0,1.0,1.2
lambda_2.0_clip_1.0_temp_1.2,A5,11,1.0300958628696752,0.8529411764705882,2.0,1.0,1.2
lambda_2.0_clip_1.0_temp_1.2,Debate,12,1.0330532675918862,0.8529411764705882,2.0,1.0,1.2
lambda_2.0_clip_1.0_temp_1.2,A4,13,1.0360923255373222,0.8529411764705882,2.0,1.0,1.2
lambda_2.0_clip_1.0_temp_1.2,A3,14,1.0447051374480851,0.8529411764705882,2.0,1.0,1.2
lambda_2.0_clip_1.0_temp_1.2,A2,15,1.0470970973610731,0.8529411764705882,2.0,1.0,1.2
lambda_2.0_clip_1.0_temp_1.2,A1,16,1.0519095947048809,0.8529411764705882,2.0,1.0,1.2
lambda_2.0_clip_1.0_temp_1.2,Multi-Agent (A0 full),17,1.0660676681927443,0.8529411764705882,2.0,1.0,1.2
lambda_2.0_clip_1.0_temp_1.5,A11,1,1.0458176066804867,0.8676470588235293,2.0,1.0,1.5
lambda_2.0_clip_1.0_temp_1.5,A9,2,1.0475317271083813,0.8676470588235293,2.0,1.0,1.5
lambda_2.0_clip_1.0_temp_1.5,Sequential,3,1.0477063816256507,0.8676470588235293,2.0,1.0,1.5
lambda_2.0_clip_1.0_temp_1.5,A10,4,1.048604868792421,0.8676470588235293,2.0,1.0,1.5
lambda_2.0_clip_1.0_temp_1.5,A7,5,1.0507010639323657,0.8676470588235293,2.0,1.0,1.5
lambda_2.0_clip_1.0_temp_1.5,Reflexion,6,1.0528121583199632,0.8676470588235293,2.0,1.0,1.5
lambda_2.0_clip_1.0_temp_1.5,A6,7,1.053387002762094,0.8676470588235293,2.0,1.0,1.5
lambda_2.0_clip_1.0_temp_1.5,A8,8,1.0550668604865558,0.8676470588235293,2.0,1.0,1.5
lambda_2.0_clip_1.0_temp_1.5,Monolithic,9,1.0564936419271571,0.8676470588235293,2.0,1.0,1.5
lambda_2.0_clip_1.0_temp_1.5,RAG-Monolithic,10,1.0579365793000997,0.8676470588235293,2.0,1.0,1.5
lambda_2.0_clip_1.0_temp_1.5,A5,11,1.0608457069707509,0.8676470588235293,2.0,1.0,1.5
lambda_2.0_clip_1.0_temp_1.5,Debate,12,1.0634515036369012,0.8676470588235293,2.0,1.0,1.5
lambda_2.0_clip_1.0_temp_1.5,A4,13,1.0661119770342038,0.8676470588235293,2.0,1.0,1.5
lambda_2.0_clip_1.0_temp_1.5,A3,14,1.0736683383911239,0.8676470588235293,2.0,1.0,1.5
lambda_2.0_clip_1.0_temp_1.5,A2,15,1.0758444175964192,0.8676470588235293,2.0,1.0,1.5
lambda_2.0_clip_1.0_temp_1.5,A1,16,1.0799959391454401,0.8676470588235293,2.0,1.0,1.5
lambda_2.0_clip_1.0_temp_1.5,Multi-Agent (A0 full),17,1.0923910237985666,0.8676470588235293,2.0,1.0,1.5
lambda_2.0_clip_1.2_temp_0.8,A11,1,0.9401477177696564,0.8235294117647057,2.0,1.2,0.8
lambda_2.0_clip_1.2_temp_0.8,Sequential,2,0.9420131684892562,0.8235294117647057,2.0,1.2,0.8
lambda_2.0_clip_1.2_temp_0.8,A9,3,0.9429265895192235,0.8235294117647057,2.0,1.2,0.8
lambda_2.0_clip_1.2_temp_0.8,A10,4,0.943595457575967,0.8235294117647057,2.0,1.2,0.8
lambda_2.0_clip_1.2_temp_0.8,A7,5,0.9484026517823171,0.8235294117647057,2.0,1.2,0.8
lambda_2.0_clip_1.2_temp_0.8,Reflexion,6,0.9504823677085438,0.8235294117647057,2.0,1.2,0.8
lambda_2.0_clip_1.2_temp_0.8,Monolithic,7,0.9516468212043655,0.8235294117647057,2.0,1.2,0.8
lambda_2.0_clip_1.2_temp_0.8,A6,8,0.9524267552522399,0.8235294117647057,2.0,1.2,0.8
lambda_2.0_clip_1.2_temp_0.8,A8,9,0.9533441772720497,0.8235294117647057,2.0,1.2,0.8
lambda_2.0_clip_1.2_temp_0.8,RAG-Monolithic,10,0.9581789201777913,0.8235294117647057,2.0,1.2,0.8
lambda_2.0_clip_1.2_temp_0.8,A5,11,0.9624907670200475,0.8235294117647057,2.0,1.2,0.8
lambda_2.0_clip_1.2_temp_0.8,Debate,12,0.9664591993796812,0.8235294117647057,2.0,1.2,0.8
lambda_2.0_clip_1.2_temp_0.8,A4,13,0.9704231595243371,0.8235294117647057,2.0,1.2,0.8
lambda_2.0_clip_1.2_temp_0.8,A3,14,0.9815991811872833,0.8235294117647057,2.0,1.2,0.8
lambda_2.0_clip_1.2_temp_0.8,A2,15,0.9846645369876658,0.8235294117647057,2.0,1.2,0.8
lambda_2.0_clip_1.2_temp_0.8,A1,16,0.9911325335743196,0.8235294117647057,2.0,1.2,0.8
lambda_2.0_clip_1.2_temp_0.8,Multi-Agent (A0 full),17,1.0094807645742512,0.8235294117647057,2.0,1.2,0.8
lambda_2.0_clip_1.2_temp_1.0,A11,1,0.9821897238377706,0.8382352941176471,2.0,1.2,1.0
lambda_2.0_clip_1.2_temp_1.0,Sequential,2,0.9840309939529538,0.8382352941176471,2.0,1.2,1.0
lambda_2.0_clip_1.2_temp_1.0,A9,3,0.9844843949496479,0.8382352941176471,2.0,1.2,1.0
lambda_2.0_clip_1.2_temp_1.0,A10,4,0.9853827391145352,0.8382352941176471,2.0,1.2,1.0
lambda_2.0_clip_1.2_temp_1.0,A7,5,0.9889707837751337,0.8382352941176471,2.0,1.2,1.0
lambda_2.0_clip_1.2_temp_1.0,Reflexion,6,0.9910438712646721,0.8382352941176471,2.0,1.2,1.0
lambda_2.0_clip_1.2_temp_1.0,A6,7,0.9924725977306089,0.8382352941176471,2.0,1.2,1.0
lambda_2.0_clip_1.2_temp_1.0,Monolithic,8,0.9930634226556203,0.8382352941176471,2.0,1.2,1.0
lambda_2.0_clip_1.2_temp_1.0,A8,9,0.9936723070159029,0.8382352941176471,2.0,1.2,1.0
lambda_2.0_clip_1.2_temp_1.0,RAG-Monolithic,10,0.9976113451175841,0.8382352941176471,2.0,1.2,1.0
lambda_2.0_clip_1.2_temp_1.0,A5,11,1.0014162383177332,0.8382352941176471,2.0,1.2,1.0
lambda_2.0_clip_1.2_temp_1.0,Debate,12,1.0047567843207625,0.8382352941176471,2.0,1.2,1.0
lambda_2.0_clip_1.2_temp_1.0,A4,13,1.0081709119387778,0.8382352941176471,2.0,1.2,1.0
lambda_2.0_clip_1.2_temp_1.0,A3,14,1.0178237736877462,0.8382352941176471,2.0,1.2,1.0
lambda_2.0_clip_1.2_temp_1.0,A2,15,1.0204639401297262,0.8382352941176471,2.0,1.2,1.0
lambda_2.0_clip_1.2_temp_1.0,A1,16,1.0259427012062663,0.8382352941176471,2.0,1.2,1.0
lambda_2.0_clip_1.2_temp_1.0,Multi-Agent (A0 full),17,1.041817214811642,0.8382352941176471,2.0,1.2,1.0
lambda_2.0_clip_1.2_temp_1.2,A11,1,1.0129671154980076,0.8529411764705882,2.0,1.2,1.2
lambda_2.0_clip_1.2_temp_1.2,Sequential,2,1.0148208396865495,0.8529411764705882,2.0,1.2,1.2
lambda_2.0_clip_1.2_temp_1.2,A9,3,1.0149606989154794,0.8529411764705882,2.0,1.2,1.2
lambda_2.0_clip_1.2_temp_1.2,A10,4,1.0159679429173585,0.8529411764705882,2.0,1.2,1.2
lambda_2.0_clip_1.2_temp_1.2,A7,5,1.018786831859671,0.8529411764705882,2.0,1.2,1.2
lambda_2.0_clip_1.2_temp_1.2,Reflexion,6,1.020872528429221,0.8529411764705882,2.0,1.2,1.2
lambda_2.0_clip_1.2_temp_1.2,A6,7,1.0218975342737762,0.8529411764705882,2.0,1.2,1.2
lambda_2.0_clip_1.2_temp_1.2,A8,8,1.0233236935018113,0.8529411764705882,2.0,1.2,1.2
lambda_2.0_clip_1.2_temp_1.2,Monolithic,9,1.023646571248028,0.8529411764705882,2.0,1.2,1.2
lambda_2.0_clip_1.2_temp_1.2,RAG-Monolithic,10,1.026707128893365,0.8529411764705882,2.0,1.2,1.2
lambda_2.0_clip_1.2_temp_1.2,A5,11,1.0300958628696752,0.8529411764705882,2.0,1.2,1.2
lambda_2.0_clip_1.2_temp_1.2,Debate,12,1.0330532675918862,0.8529411764705882,2.0,1.2,1.2
lambda_2.0_clip_1.2_temp_1.2,A4,13,1.0360923255373222,0.8529411764705882,2.0,1.2,1.2
lambda_2.0_clip_1.2_temp_1.2,A3,14,1.0447051374480851,0.8529411764705882,2.0,1.2,1.2
lambda_2.0_clip_1.2_temp_1.2,A2,15,1.0470970973610731,0.8529411764705882,2.0,1.2,1.2
lambda_2.0_clip_1.2_temp_1.2,A1,16,1.0519095947048809,0.8529411764705882,2.0,1.2,1.2
lambda_2.0_clip_1.2_temp_1.2,Multi-Agent (A0 full),17,1.0660676681927443,0.8529411764705882,2.0,1.2,1.2
lambda_2.0_clip_1.2_temp_1.5,A11,1,1.0458176066804867,0.8676470588235293,2.0,1.2,1.5
lambda_2.0_clip_1.2_temp_1.5,A9,2,1.0475317271083813,0.8676470588235293,2.0,1.2,1.5
lambda_2.0_clip_1.2_temp_1.5,Sequential,3,1.0477063816256507,0.8676470588235293,2.0,1.2,1.5
lambda_2.0_clip_1.2_temp_1.5,A10,4,1.048604868792421,0.8676470588235293,2.0,1.2,1.5
lambda_2.0_clip_1.2_temp_1.5,A7,5,1.0507010639323657,0.8676470588235293,2.0,1.2,1.5
lambda_2.0_clip_1.2_temp_1.5,Reflexion,6,1.0528121583199632,0.8676470588235293,2.0,1.2,1.5
lambda_2.0_clip_1.2_temp_1.5,A6,7,1.053387002762094,0.8676470588235293,2.0,1.2,1.5
lambda_2.0_clip_1.2_temp_1.5,A8,8,1.0550668604865558,0.8676470588235293,2.0,1.2,1.5
lambda_2.0_clip_1.2_temp_1.5,Monolithic,9,1.0564936419271571,0.8676470588235293,2.0,1.2,1.5
lambda_2.0_clip_1.2_temp_1.5,RAG-Monolithic,10,1.0579365793000997,0.8676470588235293,2.0,1.2,1.5
lambda_2.0_clip_1.2_temp_1.5,A5,11,1.0608457069707509,0.8676470588235293,2.0,1.2,1.5
lambda_2.0_clip_1.2_temp_1.5,Debate,12,1.0634515036369012,0.8676470588235293,2.0,1.2,1.5
lambda_2.0_clip_1.2_temp_1.5,A4,13,1.0661119770342038,0.8676470588235293,2.0,1.2,1.5
lambda_2.0_clip_1.2_temp_1.5,A3,14,1.0736683383911239,0.8676470588235293,2.0,1.2,1.5
lambda_2.0_clip_1.2_temp_1.5,A2,15,1.0758444175964192,0.8676470588235293,2.0,1.2,1.5
lambda_2.0_clip_1.2_temp_1.5,A1,16,1.0799959391454401,0.8676470588235293,2.0,1.2,1.5
lambda_2.0_clip_1.2_temp_1.5,Multi-Agent (A0 full),17,1.0923910237985666,0.8676470588235293,2.0,1.2,1.5
